-- phpMyAdmin SQL Dump
-- version 4.8.0
-- https://www.phpmyadmin.net/
--
-- Host: 127.0.0.1
-- Generation Time: May 27, 2020 at 04:22 AM
-- Server version: 10.1.31-MariaDB
-- PHP Version: 7.2.4

SET SQL_MODE = "NO_AUTO_VALUE_ON_ZERO";
SET AUTOCOMMIT = 0;
START TRANSACTION;
SET time_zone = "+00:00";


/*!40101 SET @OLD_CHARACTER_SET_CLIENT=@@CHARACTER_SET_CLIENT */;
/*!40101 SET @OLD_CHARACTER_SET_RESULTS=@@CHARACTER_SET_RESULTS */;
/*!40101 SET @OLD_COLLATION_CONNECTION=@@COLLATION_CONNECTION */;
/*!40101 SET NAMES utf8mb4 */;

--
-- Database: `projecta`
--

-- --------------------------------------------------------

--
-- Table structure for table `clientassignment`
--

CREATE TABLE `clientassignment` (
  `clientAssignment_id` int(11) NOT NULL,
  `client_id` int(11) NOT NULL,
  `lawyer_id` int(11) NOT NULL,
  `clinic_id` int(11) NOT NULL
) ENGINE=InnoDB DEFAULT CHARSET=latin1;

--
-- Dumping data for table `clientassignment`
--

INSERT INTO `clientassignment` (`clientAssignment_id`, `client_id`, `lawyer_id`, `clinic_id`) VALUES
(43354, 1, 1, 6),
(43370, 2, 8, 2),
(43403, 3, 3, 1),
(43430, 4, 8, 4),
(43463, 5, 2, 10),
(43488, 6, 8, 7),
(43521, 7, 2, 7),
(43546, 8, 2, 9),
(43571, 9, 3, 5),
(43598, 10, 8, 2),
(43631, 11, 2, 2),
(43656, 12, 8, 2),
(43689, 13, 8, 12),
(43722, 14, 1, 10),
(43738, 15, 1, 8),
(43754, 16, 2, 2),
(43779, 17, 1, 9),
(43795, 18, 8, 4),
(43828, 19, 2, 6),
(43853, 20, 1, 10),
(43869, 21, 8, 2),
(43902, 22, 1, 10),
(43918, 23, 3, 10),
(43945, 24, 1, 6),
(43961, 25, 8, 4),
(43994, 26, 3, 12),
(44021, 27, 3, 8),
(44048, 28, 1, 10),
(44064, 29, 8, 11),
(44097, 30, 1, 11),
(44113, 31, 3, 4),
(44140, 32, 3, 4),
(44167, 33, 1, 7),
(44183, 34, 8, 7),
(44216, 35, 1, 8),
(44232, 36, 8, 2),
(44265, 37, 3, 12),
(44292, 38, 2, 9),
(44317, 39, 1, 10),
(44333, 40, 8, 1),
(44366, 41, 3, 3),
(44393, 42, 1, 2),
(44409, 43, 2, 2),
(44434, 44, 2, 11),
(44459, 45, 2, 11),
(44484, 46, 3, 5),
(44511, 47, 1, 6),
(44527, 48, 3, 12),
(44554, 49, 8, 4),
(44587, 50, 2, 4),
(44612, 51, 1, 10),
(44628, 52, 3, 3),
(44655, 53, 2, 12),
(44680, 54, 8, 2),
(44713, 55, 8, 3),
(44746, 56, 3, 1),
(44773, 57, 8, 2),
(44806, 58, 2, 7),
(44831, 59, 2, 3),
(44856, 60, 8, 1),
(44889, 61, 8, 7),
(44922, 62, 3, 5),
(44949, 63, 3, 10),
(44976, 64, 3, 4),
(45003, 65, 8, 7),
(45036, 66, 1, 11),
(45052, 67, 2, 8),
(45077, 68, 3, 11),
(45104, 69, 8, 9),
(45137, 70, 1, 3),
(45153, 71, 3, 3),
(45180, 72, 8, 10),
(45213, 73, 8, 3),
(45246, 74, 8, 8),
(45279, 75, 2, 2),
(45304, 76, 2, 1),
(45329, 77, 8, 8),
(45362, 78, 1, 6),
(45378, 79, 8, 5),
(45411, 80, 8, 4),
(45444, 81, 8, 3),
(45477, 82, 1, 10),
(45493, 83, 3, 12),
(45520, 84, 1, 1),
(45536, 85, 8, 5),
(45569, 86, 1, 11),
(45585, 87, 2, 5),
(45610, 88, 1, 6),
(45626, 89, 2, 3),
(45651, 90, 1, 4),
(45667, 91, 2, 10),
(45692, 92, 1, 11),
(45708, 93, 2, 5),
(45733, 94, 8, 1),
(45766, 95, 8, 2),
(45799, 96, 8, 6),
(45832, 97, 3, 1),
(45859, 98, 2, 3),
(45884, 99, 1, 2),
(45900, 100, 2, 6),
(45925, 101, 3, 3),
(45952, 102, 3, 2),
(45979, 103, 8, 7),
(46012, 104, 1, 8),
(46028, 105, 2, 9),
(46053, 106, 1, 11),
(46069, 107, 1, 12),
(46085, 108, 1, 7),
(46101, 109, 8, 3),
(46134, 110, 8, 8),
(46167, 111, 8, 6),
(46200, 112, 8, 3),
(46233, 113, 8, 11),
(46266, 114, 2, 10),
(46291, 115, 8, 6),
(46324, 116, 1, 6),
(46340, 117, 2, 3),
(46365, 118, 8, 3),
(46398, 119, 3, 11),
(46425, 120, 1, 10),
(46441, 121, 8, 1),
(46474, 122, 8, 5),
(46507, 123, 1, 3),
(46523, 124, 8, 8),
(46556, 125, 2, 9),
(46581, 126, 8, 9),
(46614, 127, 8, 6),
(46647, 128, 8, 9),
(46680, 129, 3, 10),
(46707, 130, 3, 11),
(46734, 131, 8, 12),
(46767, 132, 8, 11),
(46800, 133, 1, 3),
(46816, 134, 8, 1),
(46849, 135, 1, 8),
(46865, 136, 2, 4),
(46890, 137, 3, 2),
(46917, 138, 3, 10),
(46944, 139, 3, 11),
(46971, 140, 8, 2),
(47004, 141, 3, 6),
(47031, 142, 8, 10),
(47064, 143, 8, 3),
(47097, 144, 3, 6),
(47124, 145, 2, 1),
(47149, 146, 3, 9),
(47176, 147, 3, 5),
(47203, 148, 1, 1),
(47219, 149, 1, 10),
(47235, 150, 1, 11),
(47251, 151, 3, 7),
(47278, 152, 2, 2),
(47303, 153, 2, 11),
(47328, 154, 8, 3),
(47361, 155, 8, 11),
(47394, 156, 2, 6),
(47419, 157, 1, 10),
(47435, 158, 8, 8),
(47468, 159, 3, 3),
(47495, 160, 1, 12),
(47511, 161, 2, 6),
(47536, 162, 1, 6),
(47552, 163, 1, 12),
(47568, 164, 3, 6),
(47595, 165, 8, 8),
(47628, 166, 8, 10),
(47661, 167, 1, 3),
(47677, 168, 3, 7),
(47704, 169, 3, 3),
(47731, 170, 3, 8),
(47758, 171, 3, 9),
(47785, 172, 8, 6),
(47818, 173, 2, 3),
(47843, 174, 8, 5),
(47876, 175, 1, 1),
(47892, 176, 1, 6),
(47908, 177, 3, 2),
(47935, 178, 1, 8),
(47951, 179, 8, 11),
(47984, 180, 3, 8),
(48011, 181, 3, 11),
(48038, 182, 1, 7),
(48054, 183, 2, 11),
(48079, 184, 2, 11),
(48104, 185, 1, 4),
(48120, 186, 8, 4),
(48153, 187, 3, 3),
(48180, 188, 1, 6),
(48196, 189, 8, 3),
(48229, 190, 3, 5),
(48256, 191, 2, 6),
(48281, 192, 2, 9),
(48306, 193, 3, 9),
(48333, 194, 2, 10),
(48358, 195, 1, 4),
(48374, 196, 1, 4),
(48390, 197, 3, 1),
(48417, 198, 8, 1),
(48450, 199, 3, 1),
(48477, 200, 2, 6),
(48502, 201, 1, 7),
(48518, 202, 8, 2),
(48551, 203, 8, 2),
(48584, 204, 1, 12),
(48600, 205, 2, 8),
(48625, 206, 3, 6),
(48652, 207, 2, 4),
(48677, 208, 8, 6),
(48710, 209, 2, 11),
(48735, 210, 2, 2),
(48760, 211, 2, 5),
(48785, 212, 1, 7),
(48801, 213, 1, 10),
(48817, 214, 1, 12),
(48833, 215, 2, 12),
(48858, 216, 8, 9),
(48891, 217, 8, 5),
(48924, 218, 2, 11),
(48949, 219, 3, 9),
(48976, 220, 8, 12),
(49009, 221, 8, 6),
(49042, 222, 2, 10),
(49067, 223, 2, 7),
(49092, 224, 1, 5),
(49108, 225, 8, 2),
(49141, 226, 3, 1),
(49168, 227, 3, 2),
(49195, 228, 8, 6),
(49228, 229, 8, 1),
(49261, 230, 1, 3),
(49277, 231, 2, 1),
(49302, 232, 3, 8),
(49329, 233, 8, 9),
(49362, 234, 3, 9),
(49389, 235, 1, 9),
(49405, 236, 1, 3),
(49421, 237, 1, 7),
(49437, 238, 2, 9),
(49462, 239, 2, 1),
(49487, 240, 1, 9),
(49503, 241, 1, 10),
(49519, 242, 1, 7),
(49535, 243, 1, 8),
(49551, 244, 8, 12),
(49584, 245, 8, 11),
(49617, 246, 3, 1),
(49644, 247, 2, 6),
(49669, 248, 8, 11),
(49702, 249, 3, 3),
(49729, 250, 8, 1),
(49762, 251, 1, 11),
(49778, 252, 2, 11),
(49803, 253, 2, 9),
(49828, 254, 1, 11),
(49844, 255, 3, 3),
(49871, 256, 2, 12),
(49896, 257, 2, 1),
(49921, 258, 1, 6),
(49937, 259, 1, 10),
(49953, 260, 3, 8),
(49980, 261, 1, 4),
(49996, 262, 1, 4),
(50012, 263, 8, 5),
(50045, 264, 2, 5),
(50070, 265, 8, 4),
(50103, 266, 8, 3),
(50136, 267, 1, 3),
(50152, 268, 2, 7),
(50177, 269, 3, 10),
(50204, 270, 2, 1),
(50229, 271, 1, 3),
(50245, 272, 1, 1),
(50261, 273, 8, 5),
(50294, 274, 8, 11),
(50327, 275, 1, 12),
(50343, 276, 1, 9),
(50359, 277, 1, 7),
(50375, 278, 8, 9),
(50408, 279, 8, 6),
(50441, 280, 8, 12),
(50474, 281, 8, 7),
(50507, 282, 3, 6),
(50534, 283, 8, 3),
(50567, 284, 3, 12),
(50594, 285, 3, 12),
(50621, 286, 8, 1),
(50654, 287, 1, 2),
(50670, 288, 2, 8),
(50695, 289, 1, 2),
(50711, 290, 1, 10),
(50727, 291, 2, 12),
(50752, 292, 1, 5),
(50768, 293, 3, 12),
(50795, 294, 1, 11),
(50811, 295, 1, 11),
(50827, 296, 1, 1),
(50843, 297, 1, 3),
(50859, 298, 3, 5),
(50886, 299, 3, 4),
(50913, 300, 1, 12),
(50929, 301, 1, 8),
(50945, 302, 3, 4),
(50972, 303, 8, 7),
(51005, 304, 1, 8),
(51021, 305, 3, 3),
(51048, 306, 1, 3),
(51064, 307, 8, 10),
(51097, 308, 3, 7),
(51124, 309, 1, 10),
(51140, 310, 1, 10),
(51156, 311, 3, 12),
(51183, 312, 3, 10),
(51210, 313, 3, 10),
(51237, 314, 3, 6),
(51264, 315, 3, 6),
(51291, 316, 2, 12),
(51316, 317, 3, 2),
(51343, 318, 3, 4),
(51370, 319, 1, 8),
(51386, 320, 8, 6),
(51419, 321, 3, 10),
(51446, 322, 1, 12),
(51462, 323, 3, 7),
(51489, 324, 3, 9),
(51516, 325, 8, 7),
(51549, 326, 3, 8),
(51576, 327, 2, 10),
(51601, 328, 3, 2),
(51628, 329, 3, 9),
(51655, 330, 2, 4),
(51680, 331, 2, 6),
(51705, 332, 8, 1),
(51738, 333, 3, 10),
(51765, 334, 3, 6),
(51792, 335, 3, 5),
(51819, 336, 3, 4),
(51846, 337, 3, 11),
(51873, 338, 2, 3),
(51898, 339, 3, 1),
(51925, 340, 3, 2),
(51952, 341, 8, 4),
(51985, 342, 1, 12),
(52001, 343, 2, 7),
(52026, 344, 2, 12),
(52051, 345, 3, 7),
(52078, 346, 1, 7),
(52094, 347, 3, 3),
(52121, 348, 8, 5),
(52154, 349, 3, 6),
(52181, 350, 8, 7),
(52214, 351, 8, 7),
(52247, 352, 1, 4),
(52263, 353, 3, 12),
(52290, 354, 3, 1),
(52317, 355, 1, 6),
(52333, 356, 8, 5),
(52366, 357, 3, 8),
(52393, 358, 3, 3),
(52420, 359, 1, 9),
(52436, 360, 1, 12),
(52452, 361, 8, 11),
(52485, 362, 8, 12),
(52518, 363, 2, 2),
(52543, 364, 3, 12),
(52570, 365, 3, 4),
(52597, 366, 3, 8),
(52624, 367, 3, 5),
(52651, 368, 8, 8),
(52684, 369, 3, 8),
(52711, 370, 2, 1),
(52736, 371, 1, 7),
(52752, 372, 8, 5),
(52785, 373, 2, 1),
(52810, 374, 1, 8),
(52826, 375, 1, 5),
(52842, 376, 3, 5),
(52869, 377, 8, 8),
(52902, 378, 8, 1),
(52935, 379, 8, 9),
(52968, 380, 1, 12),
(52984, 381, 8, 8),
(53017, 382, 1, 7),
(53033, 383, 2, 8),
(53058, 384, 2, 12),
(53083, 385, 8, 11),
(53116, 386, 2, 4),
(53141, 387, 8, 4),
(53174, 388, 1, 10),
(53190, 389, 3, 8),
(53217, 390, 1, 8),
(53233, 391, 3, 7),
(53260, 392, 3, 6),
(53287, 393, 2, 4),
(53312, 394, 3, 4),
(53339, 395, 1, 4),
(53355, 396, 3, 5),
(53382, 397, 3, 11),
(53409, 398, 8, 3),
(53442, 399, 8, 9),
(53475, 400, 3, 6),
(53502, 401, 2, 11),
(53527, 402, 2, 8),
(53552, 403, 2, 4),
(53577, 404, 1, 7),
(53593, 405, 3, 10),
(53620, 406, 2, 10),
(53645, 407, 3, 7),
(53672, 408, 3, 7),
(53699, 409, 8, 7),
(53732, 410, 8, 12),
(53765, 411, 2, 2),
(53790, 412, 1, 4),
(53806, 413, 3, 10),
(53833, 414, 8, 11),
(53866, 415, 3, 2),
(53893, 416, 1, 12),
(53909, 417, 8, 10),
(53942, 418, 1, 7),
(53958, 419, 2, 2),
(53983, 420, 3, 3),
(54010, 421, 3, 8),
(54037, 422, 8, 8),
(54070, 423, 3, 9),
(54097, 424, 8, 9),
(54130, 425, 8, 11),
(54163, 426, 1, 5),
(54179, 427, 3, 7),
(54206, 428, 1, 9),
(54222, 429, 3, 6),
(54249, 430, 1, 5),
(54265, 431, 2, 8),
(54290, 432, 1, 7),
(54306, 433, 2, 8),
(54331, 434, 1, 4),
(54347, 435, 2, 5),
(54372, 436, 1, 12),
(54388, 437, 3, 5),
(54415, 438, 2, 8),
(54440, 439, 1, 9),
(54456, 440, 1, 9),
(54472, 441, 2, 11),
(54497, 442, 2, 5),
(54522, 443, 3, 2),
(54549, 444, 3, 10),
(54576, 445, 1, 8),
(54592, 446, 1, 10),
(54608, 447, 3, 2),
(54635, 448, 8, 7),
(54668, 449, 1, 7),
(54684, 450, 1, 7),
(54700, 451, 2, 5),
(54725, 452, 3, 7),
(54752, 453, 3, 4),
(54779, 454, 8, 1),
(54812, 455, 3, 9),
(54839, 456, 3, 3),
(54866, 457, 8, 12),
(54899, 458, 2, 3),
(54924, 459, 3, 8),
(54951, 460, 1, 1),
(54967, 461, 3, 7),
(54994, 462, 1, 8),
(55010, 463, 2, 11),
(55035, 464, 3, 8),
(55062, 465, 1, 11),
(55078, 466, 2, 5),
(55103, 467, 8, 10),
(55136, 468, 3, 3),
(55163, 469, 8, 12),
(55196, 470, 2, 8),
(55221, 471, 3, 6),
(55248, 472, 8, 2),
(55281, 473, 8, 5),
(55314, 474, 2, 10),
(55339, 475, 3, 9),
(55366, 476, 3, 12),
(55393, 477, 1, 2),
(55409, 478, 1, 7),
(55425, 479, 1, 8),
(55441, 480, 8, 10),
(55474, 481, 8, 2),
(55507, 482, 1, 10),
(55523, 483, 1, 2),
(55539, 484, 8, 3),
(55572, 485, 2, 9),
(55597, 486, 3, 5),
(55624, 487, 3, 8),
(55651, 488, 2, 2),
(55676, 489, 2, 12),
(55701, 490, 8, 11),
(55734, 491, 1, 12),
(55750, 492, 8, 9),
(55783, 493, 3, 6),
(55810, 494, 2, 4),
(55835, 495, 3, 6),
(55862, 496, 3, 2),
(55889, 497, 8, 8),
(55922, 498, 2, 3),
(55947, 499, 8, 8),
(55980, 500, 8, 7),
(56013, 501, 1, 7),
(56029, 502, 3, 11),
(56056, 503, 8, 10),
(56089, 504, 2, 1),
(56114, 505, 1, 8),
(56130, 506, 2, 9),
(56155, 507, 2, 10),
(56180, 508, 1, 11),
(56196, 509, 1, 1),
(56212, 510, 2, 5),
(56237, 511, 8, 4),
(56270, 512, 1, 10),
(56286, 513, 3, 3),
(56313, 514, 2, 1),
(56338, 515, 3, 6),
(56365, 516, 1, 8),
(56381, 517, 2, 5),
(56406, 518, 2, 5),
(56431, 519, 8, 12),
(56464, 520, 2, 1),
(56489, 521, 3, 2),
(56516, 522, 1, 8),
(56532, 523, 3, 8),
(56559, 524, 8, 5),
(56592, 525, 1, 9),
(56608, 526, 3, 4),
(56635, 527, 2, 2),
(56660, 528, 1, 6),
(56676, 529, 3, 10),
(56703, 530, 3, 5),
(56730, 531, 1, 4),
(56746, 532, 2, 5),
(56771, 533, 3, 6),
(56798, 534, 2, 6),
(56823, 535, 2, 12),
(56848, 536, 8, 7),
(56881, 537, 8, 10),
(56914, 538, 2, 2),
(56939, 539, 1, 9),
(56955, 540, 1, 9),
(56971, 541, 2, 3),
(56996, 542, 2, 5),
(57021, 543, 3, 3),
(57048, 544, 2, 5),
(57073, 545, 2, 12),
(57098, 546, 3, 12),
(57125, 547, 2, 2),
(57150, 548, 1, 7),
(57166, 549, 1, 3),
(57182, 550, 2, 10),
(57207, 551, 1, 3),
(57223, 552, 3, 6),
(57250, 553, 2, 6),
(57275, 554, 8, 5),
(57308, 555, 3, 4),
(57335, 556, 2, 12),
(57360, 557, 3, 2),
(57387, 558, 1, 3),
(57403, 559, 3, 2),
(57430, 560, 1, 1),
(57446, 561, 1, 5),
(57462, 562, 1, 8),
(57478, 563, 2, 5),
(57503, 564, 8, 3),
(57536, 565, 1, 7),
(57552, 566, 3, 1),
(57579, 567, 1, 2),
(57595, 568, 1, 12),
(57611, 569, 1, 11),
(57627, 570, 1, 12),
(57643, 571, 3, 2),
(57670, 572, 2, 9),
(57695, 573, 3, 5),
(57722, 574, 8, 10),
(57755, 575, 1, 11),
(57771, 576, 8, 10),
(57804, 577, 2, 10),
(57829, 578, 2, 7),
(57854, 579, 1, 11),
(57870, 580, 8, 9),
(57903, 581, 2, 12),
(57928, 582, 3, 3),
(57955, 583, 3, 7),
(57982, 584, 1, 1),
(57998, 585, 8, 12),
(58031, 586, 8, 12),
(58064, 587, 2, 12),
(58089, 588, 1, 4),
(58105, 589, 3, 1),
(58132, 590, 3, 1),
(58159, 591, 8, 10),
(58192, 592, 1, 1),
(58208, 593, 1, 7),
(58224, 594, 8, 2),
(58257, 595, 8, 12),
(58290, 596, 1, 3),
(58306, 597, 3, 6),
(58333, 598, 8, 2),
(58366, 599, 3, 7),
(58393, 600, 8, 5);

-- --------------------------------------------------------

--
-- Table structure for table `clients`
--

CREATE TABLE `clients` (
  `client_id` int(11) NOT NULL,
  `client_firstName` varchar(255) DEFAULT NULL,
  `client_lastName` varchar(255) DEFAULT NULL,
  `client_phone` varchar(100) DEFAULT NULL,
  `client_address` varchar(255) DEFAULT NULL,
  `client_caseType` mediumint(9) DEFAULT NULL
) ENGINE=InnoDB DEFAULT CHARSET=latin1;

--
-- Dumping data for table `clients`
--

INSERT INTO `clients` (`client_id`, `client_firstName`, `client_lastName`, `client_phone`, `client_address`, `client_caseType`) VALUES
(1, 'Emery', 'Cross', '1-287-634-9390', '2705 Posuere Rd.', 1),
(2, 'Thomas', 'Mcdowell', '1-686-930-6777', 'Ap #529-4840 Magnis Rd.', 2),
(3, 'Alisa', 'Dale', '1-999-338-3723', 'P.O. Box 276, 917 Ut Av.', 4),
(4, 'Vielka', 'Fernandez', '1-519-337-2396', '1900 Velit. Av.', 2),
(5, 'Lillith', 'Yates', '1-193-105-7735', '749-7487 Tellus Street', 3),
(6, 'Lunea', 'Walker', '1-904-156-8443', 'P.O. Box 707, 1371 Odio St.', 2),
(7, 'Aurora', 'Joyner', '1-758-617-2718', 'Ap #338-977 Non St.', 3),
(8, 'Taylor', 'Cash', '1-241-696-1768', 'Ap #444-8584 Turpis. Rd.', 3),
(9, 'Alvin', 'Adkins', '1-376-473-1103', '612-7778 Arcu St.', 4),
(10, 'Talon', 'Mosley', '1-355-859-5769', 'Ap #994-7281 Orci Rd.', 2),
(11, 'Alden', 'Wagner', '1-915-220-9698', 'P.O. Box 264, 5434 Tincidunt Road', 3),
(12, 'Ashton', 'Cunningham', '1-382-157-9732', 'Ap #421-8299 Dictum. Street', 2),
(13, 'Eagan', 'Mcclain', '1-667-428-3839', 'Ap #174-4788 Pretium Avenue', 2),
(14, 'Avram', 'Bowers', '1-607-304-4933', 'Ap #817-6898 Risus St.', 1),
(15, 'Maryam', 'England', '1-773-157-0665', '983-8825 Purus Ave', 1),
(16, 'Laura', 'Medina', '1-966-906-8855', 'P.O. Box 184, 2869 Malesuada Rd.', 3),
(17, 'Brielle', 'Colon', '1-627-879-6912', '548-1043 Non Ave', 1),
(18, 'Orli', 'Mullen', '1-357-404-9512', 'Ap #582-9964 Quisque St.', 2),
(19, 'Arthur', 'Melendez', '1-341-573-4363', 'Ap #711-7178 Justo. St.', 3),
(20, 'Ishmael', 'Pitts', '1-658-677-9641', '8325 Velit. Rd.', 1),
(21, 'Lars', 'Dyer', '1-539-196-0797', '611-4924 Accumsan Road', 2),
(22, 'Cody', 'Willis', '1-984-887-8531', 'P.O. Box 688, 2152 Magna St.', 1),
(23, 'Amos', 'Dejesus', '1-293-564-9654', '632-9032 Augue Ave', 4),
(24, 'Gage', 'Hensley', '1-772-472-3901', '6996 Mi Street', 1),
(25, 'Germane', 'Sargent', '1-527-302-1370', 'Ap #633-9222 Phasellus Road', 2),
(26, 'Laura', 'Miranda', '1-717-611-9087', 'Ap #101-7927 Vel, St.', 4),
(27, 'Yasir', 'Lester', '1-347-105-5474', 'P.O. Box 920, 8795 Proin Street', 4),
(28, 'Brynn', 'Walker', '1-981-784-9782', 'P.O. Box 186, 6099 Rutrum Avenue', 1),
(29, 'Arsenio', 'Walter', '1-545-518-3817', '304-4718 Neque St.', 2),
(30, 'Kermit', 'Wagner', '1-284-505-4588', 'Ap #908-1361 Ac St.', 1),
(31, 'Levi', 'Mckenzie', '1-479-942-1262', '150-9347 Eu Rd.', 4),
(32, 'Hadassah', 'Dunlap', '1-604-549-8170', 'P.O. Box 694, 1880 Pellentesque, Street', 4),
(33, 'Molly', 'Marshall', '1-524-675-4907', 'P.O. Box 990, 8225 Vel Av.', 1),
(34, 'Cassidy', 'Frost', '1-998-408-0096', 'Ap #478-195 Gravida Av.', 2),
(35, 'Ruth', 'Duran', '1-760-477-3308', '565 Etiam Av.', 1),
(36, 'Hedda', 'Franklin', '1-706-559-3528', '6351 Magna Ave', 2),
(37, 'Athena', 'Bridges', '1-520-132-1126', 'Ap #373-6312 Donec Street', 4),
(38, 'Aaron', 'Simon', '1-929-666-9226', 'P.O. Box 933, 7098 Elit, St.', 3),
(39, 'Myles', 'Boyer', '1-341-797-3060', 'Ap #539-943 Fringilla St.', 1),
(40, 'Dante', 'Lawson', '1-956-858-3988', 'P.O. Box 213, 8537 Sed Rd.', 2),
(41, 'Charlotte', 'Dyer', '1-355-349-9871', '8480 Consequat, Street', 4),
(42, 'Donovan', 'Barrera', '1-840-263-1736', 'Ap #653-1035 Ultrices Avenue', 1),
(43, 'Buckminster', 'West', '1-307-539-8250', 'Ap #719-8790 Faucibus. Ave', 3),
(44, 'Stuart', 'York', '1-549-346-7135', 'Ap #544-7333 Sit St.', 3),
(45, 'Sopoline', 'Dawson', '1-234-687-3974', 'Ap #246-1647 Tellus St.', 3),
(46, 'Carissa', 'Guthrie', '1-223-784-3294', '2754 Venenatis St.', 4),
(47, 'Jolie', 'Dennis', '1-242-381-8651', '4990 Nullam Ave', 1),
(48, 'Gray', 'Juarez', '1-694-570-1558', 'Ap #184-4974 Justo Rd.', 4),
(49, 'Ferdinand', 'Mcknight', '1-811-362-2291', '376-3424 Urna. Road', 2),
(50, 'Adria', 'Rhodes', '1-762-351-8737', 'Ap #657-6762 Integer Ave', 3),
(51, 'Coby', 'Patel', '1-356-911-4710', 'P.O. Box 188, 5430 Fusce St.', 1),
(52, 'Richard', 'Guzman', '1-966-577-1735', '316-7188 Ultrices St.', 4),
(53, 'Keith', 'Fields', '1-131-252-4591', 'Ap #795-9603 Neque St.', 3),
(54, 'Haley', 'Leach', '1-481-472-1129', 'Ap #881-3012 Tincidunt St.', 2),
(55, 'Carolyn', 'King', '1-696-975-4369', 'P.O. Box 771, 1516 Mi Road', 2),
(56, 'Justina', 'Ortiz', '1-779-346-5944', 'P.O. Box 401, 4863 Eu Av.', 4),
(57, 'Lewis', 'Wise', '1-676-428-0566', '4770 Morbi Ave', 2),
(58, 'Karina', 'Cash', '1-151-228-1113', 'Ap #926-5915 Nascetur St.', 3),
(59, 'Dean', 'Cooke', '1-793-605-0732', 'P.O. Box 705, 9329 Ligula. Road', 3),
(60, 'Alexa', 'Webster', '1-415-833-4722', 'P.O. Box 556, 2227 Consequat Av.', 2),
(61, 'Fuller', 'Hester', '1-539-389-4435', '541-489 Feugiat Av.', 2),
(62, 'Doris', 'Lancaster', '1-260-687-5733', 'P.O. Box 721, 4992 Integer St.', 4),
(63, 'Rana', 'Salinas', '1-662-129-2931', '747-5761 Eleifend St.', 4),
(64, 'Garth', 'Santos', '1-544-152-1751', '524-8398 Inceptos Street', 4),
(65, 'Sierra', 'French', '1-738-596-8132', '9665 Ultrices. Rd.', 2),
(66, 'Leigh', 'Stanton', '1-844-911-1815', 'P.O. Box 365, 224 Ligula Ave', 1),
(67, 'Blake', 'Pate', '1-425-462-4221', '9856 Ut Street', 3),
(68, 'Allen', 'Alston', '1-277-473-0138', '2284 Quisque Rd.', 4),
(69, 'Brennan', 'Ellison', '1-761-593-1428', 'P.O. Box 786, 9017 Pede Rd.', 2),
(70, 'Libby', 'Horn', '1-551-285-8787', '9557 Pede Rd.', 1),
(71, 'Carol', 'Herman', '1-567-138-0040', '971-1056 Feugiat St.', 4),
(72, 'Kai', 'Mclaughlin', '1-483-809-0426', 'P.O. Box 919, 4112 Facilisis. St.', 2),
(73, 'Willa', 'Marks', '1-543-792-2114', '1226 At Avenue', 2),
(74, 'Gisela', 'Bradford', '1-560-327-1619', 'Ap #868-3715 Eu, Street', 2),
(75, 'Garrett', 'Hardin', '1-893-436-7007', '9481 Mi St.', 3),
(76, 'Jennifer', 'Kerr', '1-166-250-4907', 'Ap #901-9591 Sem Rd.', 3),
(77, 'Farrah', 'Mason', '1-688-359-7481', '1556 Vestibulum Rd.', 2),
(78, 'Zephania', 'Houston', '1-105-166-6695', '1990 Orci, Street', 1),
(79, 'Addison', 'Hayes', '1-928-860-6306', 'P.O. Box 361, 5761 Ipsum Rd.', 2),
(80, 'Jayme', 'Fischer', '1-626-890-1218', '795-8685 Magna. St.', 2),
(81, 'Kirestin', 'Gallagher', '1-954-262-1314', 'Ap #765-1502 Vitae Rd.', 2),
(82, 'Jemima', 'Murray', '1-435-730-5770', 'Ap #348-559 Dolor St.', 1),
(83, 'Nash', 'Velez', '1-707-312-8445', 'Ap #443-6156 Aliquam Rd.', 4),
(84, 'Ivory', 'Castaneda', '1-547-499-4834', 'P.O. Box 408, 2223 Consequat Avenue', 1),
(85, 'Kelly', 'Jacobson', '1-936-176-0182', 'Ap #835-7379 Donec Rd.', 2),
(86, 'Denton', 'Barrera', '1-751-471-2324', '773-5012 Malesuada Ave', 1),
(87, 'Rebecca', 'Santiago', '1-327-365-1362', 'P.O. Box 236, 449 Tincidunt. Street', 3),
(88, 'Blaze', 'Reeves', '1-363-353-4864', '881-3198 Quam. St.', 1),
(89, 'Joan', 'Mayer', '1-167-147-3861', '6382 Non, Street', 3),
(90, 'Josiah', 'Bush', '1-239-400-9335', '618 Laoreet Road', 1),
(91, 'Sloane', 'Mcintosh', '1-473-523-5529', 'P.O. Box 979, 2319 Sagittis. Road', 3),
(92, 'Ann', 'Brewer', '1-151-920-1915', '622-6970 Rutrum Road', 1),
(93, 'Merritt', 'Ramirez', '1-779-186-8569', '939 Mauris Rd.', 3),
(94, 'Samson', 'Tate', '1-287-523-1348', 'P.O. Box 629, 3052 Suspendisse Avenue', 2),
(95, 'Kylie', 'Ayers', '1-258-865-8315', 'Ap #754-892 Neque Av.', 2),
(96, 'Madison', 'Suarez', '1-162-914-8789', 'Ap #634-7265 Dui Avenue', 2),
(97, 'Penelope', 'Finch', '1-173-902-1735', 'Ap #757-4870 Amet Av.', 4),
(98, 'Remedios', 'Doyle', '1-892-891-2259', 'P.O. Box 573, 8112 Suscipit Avenue', 3),
(99, 'Kennedy', 'Soto', '1-927-762-4218', '425-4422 Ornare Av.', 1),
(100, 'Lana', 'Petersen', '1-488-903-3646', 'Ap #442-2183 Arcu. St.', 3),
(101, 'TaShya', 'Johnson', '1-180-493-5434', 'Ap #494-7489 Tempus St.', 4),
(102, 'Faith', 'Ford', '1-957-260-4089', 'P.O. Box 668, 6573 Elit, St.', 4),
(103, 'Linus', 'Patterson', '1-919-491-5987', '132-2526 Non Rd.', 2),
(104, 'Shannon', 'Dalton', '1-403-824-3804', '475-1503 In Rd.', 1),
(105, 'Ursula', 'Doyle', '1-890-534-9172', '350-4807 Mauris Rd.', 3),
(106, 'Drew', 'Britt', '1-912-619-0457', '8158 Tempus Av.', 1),
(107, 'Steel', 'Briggs', '1-765-548-2637', '9390 Hendrerit Rd.', 1),
(108, 'Vivian', 'Frye', '1-539-239-9867', 'Ap #636-9001 Blandit Rd.', 1),
(109, 'Phillip', 'Pope', '1-633-414-4409', '348-7844 Lacus. St.', 2),
(110, 'Jada', 'Gibbs', '1-687-659-3499', '2363 Lectus. Road', 2),
(111, 'Anastasia', 'Preston', '1-500-156-1156', '593-2348 Leo St.', 2),
(112, 'David', 'Christensen', '1-681-897-4713', 'Ap #909-4068 Sapien, Avenue', 2),
(113, 'Marvin', 'Hopkins', '1-829-468-1977', '107-1059 Dolor. St.', 2),
(114, 'Melissa', 'James', '1-933-593-8385', 'Ap #502-2581 Lorem, Street', 3),
(115, 'Lynn', 'Schwartz', '1-805-413-0714', '322-7523 Interdum Ave', 2),
(116, 'Simone', 'Benson', '1-644-327-5206', 'P.O. Box 762, 4175 Erat St.', 1),
(117, 'Orla', 'Abbott', '1-729-649-2979', '554 Enim Rd.', 3),
(118, 'Stella', 'Adkins', '1-720-761-9516', 'P.O. Box 595, 9236 Nibh Avenue', 2),
(119, 'Cassidy', 'Harrell', '1-574-825-2551', '904-2066 Porta Street', 4),
(120, 'Alfonso', 'Chen', '1-243-205-0266', '4656 In, St.', 1),
(121, 'Tarik', 'Hawkins', '1-868-980-5686', '388-2465 Et Avenue', 2),
(122, 'Nasim', 'Haynes', '1-475-380-1239', 'P.O. Box 554, 7148 Eleifend, Rd.', 2),
(123, 'Blaine', 'Sharp', '1-293-670-9188', '948-6301 Etiam Avenue', 1),
(124, 'Ian', 'Barber', '1-480-517-5018', 'P.O. Box 480, 782 Gravida Road', 2),
(125, 'Leilani', 'Tucker', '1-569-469-5215', 'Ap #278-2272 Id, Street', 3),
(126, 'Barclay', 'Tate', '1-202-261-1521', 'P.O. Box 631, 1134 Diam Ave', 2),
(127, 'Yuli', 'Burris', '1-260-194-7044', 'Ap #341-5342 Curae; Rd.', 2),
(128, 'Cairo', 'Sears', '1-849-974-2196', 'P.O. Box 750, 4847 Adipiscing. St.', 2),
(129, 'Jonas', 'Branch', '1-281-615-7243', '277-8826 Lectus Rd.', 4),
(130, 'Scarlett', 'Riddle', '1-591-422-5311', '319-4894 Lobortis Street', 4),
(131, 'Yolanda', 'Wise', '1-872-231-7961', 'P.O. Box 215, 9801 Nulla Ave', 2),
(132, 'Kennan', 'Morris', '1-736-586-0094', 'Ap #678-6168 Mollis. Ave', 2),
(133, 'Todd', 'Mcknight', '1-937-761-1785', 'Ap #909-4356 Luctus, Ave', 1),
(134, 'Rhea', 'Martinez', '1-229-126-9140', '805-2987 Hymenaeos. Rd.', 2),
(135, 'Kaseem', 'Guy', '1-257-343-8592', 'Ap #563-2213 Litora Avenue', 1),
(136, 'Macey', 'Dickerson', '1-664-342-2305', 'Ap #273-2726 Vehicula Rd.', 3),
(137, 'Phillip', 'Livingston', '1-899-804-6236', 'Ap #528-4907 Magnis Avenue', 4),
(138, 'Teegan', 'Hull', '1-110-142-2688', 'P.O. Box 481, 869 Non, Rd.', 4),
(139, 'Leila', 'Dennis', '1-101-369-8853', 'Ap #301-9023 Primis St.', 4),
(140, 'Branden', 'Allison', '1-650-824-5716', '3112 Consectetuer Rd.', 2),
(141, 'Odessa', 'Tran', '1-291-531-8667', 'Ap #425-9715 Nunc Avenue', 4),
(142, 'Lionel', 'Potter', '1-358-421-1437', 'P.O. Box 618, 2370 Ipsum Road', 2),
(143, 'Sylvia', 'Fitzpatrick', '1-729-288-9445', 'Ap #363-7373 Non Rd.', 2),
(144, 'Denise', 'Hamilton', '1-203-442-8872', '8179 Sed Av.', 4),
(145, 'Quynn', 'Knox', '1-608-924-9500', 'P.O. Box 111, 3891 Tristique Rd.', 3),
(146, 'Mechelle', 'Bowen', '1-106-227-5679', 'P.O. Box 524, 4703 Nisl Rd.', 4),
(147, 'Xavier', 'Lawson', '1-700-398-1278', '3887 Dolor Street', 4),
(148, 'Sharon', 'Burke', '1-704-468-6767', 'P.O. Box 547, 2731 Volutpat Street', 1),
(149, 'Ann', 'Vega', '1-191-147-9544', 'Ap #341-3912 Sollicitudin Av.', 1),
(150, 'Jason', 'Blair', '1-926-934-3876', 'P.O. Box 541, 6810 Metus. Rd.', 1),
(151, 'Hunter', 'Tucker', '1-799-177-5152', 'P.O. Box 442, 288 Nullam Street', 4),
(152, 'Elijah', 'Lindsey', '1-865-186-9790', '135-3476 Ante. St.', 3),
(153, 'Stephen', 'Raymond', '1-278-939-3817', '2697 Cursus St.', 3),
(154, 'Yvonne', 'Browning', '1-108-107-7264', '1012 Mollis Ave', 2),
(155, 'Roary', 'Horton', '1-238-608-4834', 'P.O. Box 385, 9816 Leo. Rd.', 2),
(156, 'Miranda', 'Gilmore', '1-633-593-2578', 'P.O. Box 673, 2383 Sem. Avenue', 3),
(157, 'Curran', 'Dixon', '1-970-509-7221', '963-7189 Etiam Street', 1),
(158, 'Shelley', 'Fuentes', '1-187-226-1488', '797-2596 Tristique Ave', 2),
(159, 'Ivory', 'Harrell', '1-948-819-2619', 'Ap #753-1930 Dapibus Street', 4),
(160, 'Jocelyn', 'Ward', '1-130-801-2421', 'Ap #723-7102 Molestie Street', 1),
(161, 'Eliana', 'Slater', '1-741-627-1661', '297-762 Quis, Rd.', 3),
(162, 'Kameko', 'Hensley', '1-861-203-7088', '924-7229 Sed St.', 1),
(163, 'Maggy', 'Carter', '1-156-681-3544', 'P.O. Box 558, 9484 Curae; Ave', 1),
(164, 'Nerea', 'Rush', '1-947-427-6883', 'Ap #588-710 Aliquam St.', 4),
(165, 'Myra', 'Guy', '1-278-571-2706', '9080 Eu Ave', 2),
(166, 'Regina', 'Potter', '1-583-841-2512', '2557 Sed Road', 2),
(167, 'Emily', 'Ochoa', '1-628-470-8137', '7757 Sollicitudin Avenue', 1),
(168, 'Tamekah', 'Cotton', '1-389-675-8734', '836-6922 Metus St.', 4),
(169, 'Lacota', 'York', '1-806-332-9931', '753-8587 Magnis Ave', 4),
(170, 'Preston', 'Cash', '1-811-725-1520', '1505 Diam Rd.', 4),
(171, 'Wanda', 'Kirk', '1-672-103-2504', '978-4374 Dui Road', 4),
(172, 'Hector', 'Witt', '1-361-393-2846', '8121 Euismod Rd.', 2),
(173, 'Ciaran', 'Bishop', '1-111-267-1065', '421-3974 Scelerisque St.', 3),
(174, 'Owen', 'Hoffman', '1-882-229-3403', '849-822 Nam Ave', 2),
(175, 'Tasha', 'Neal', '1-241-169-2305', '454-3313 Rutrum Ave', 1),
(176, 'Inez', 'Hampton', '1-758-476-1487', 'Ap #141-9722 Mauris. Rd.', 1),
(177, 'Hilda', 'Davenport', '1-474-808-3231', 'Ap #229-9553 Sit Rd.', 4),
(178, 'Adria', 'Torres', '1-487-544-9957', '8863 Consequat Ave', 1),
(179, 'Brendan', 'Humphrey', '1-577-223-5649', 'Ap #426-9393 Dis St.', 2),
(180, 'Michael', 'Flores', '1-234-521-1152', '6383 Ac Road', 4),
(181, 'Alyssa', 'Bates', '1-192-512-4912', 'P.O. Box 999, 3034 Lectus. St.', 4),
(182, 'Callie', 'Woods', '1-110-723-5495', 'Ap #188-3203 Aptent St.', 1),
(183, 'Bruce', 'Heath', '1-688-657-6425', 'P.O. Box 887, 1835 Tempus Rd.', 3),
(184, 'Amir', 'Ayers', '1-778-858-9399', 'Ap #154-5729 Et St.', 3),
(185, 'Alice', 'Brown', '1-407-999-1121', 'P.O. Box 956, 6832 Mi. Rd.', 1),
(186, 'Garrett', 'French', '1-241-658-7052', '7541 Enim. St.', 2),
(187, 'Abdul', 'Wade', '1-573-570-0721', 'P.O. Box 177, 811 Elit Rd.', 4),
(188, 'Dorothy', 'Combs', '1-972-620-5470', 'P.O. Box 573, 9259 Nec St.', 1),
(189, 'Hammett', 'Riggs', '1-278-508-6148', 'P.O. Box 322, 4024 Donec Avenue', 2),
(190, 'September', 'Romero', '1-543-577-5714', '290-9553 Erat St.', 4),
(191, 'Caesar', 'Wheeler', '1-112-155-5689', 'Ap #692-1168 Sem, Road', 3),
(192, 'Teagan', 'Kirkland', '1-185-313-3457', 'P.O. Box 196, 3995 Montes, Rd.', 3),
(193, 'Barrett', 'Clayton', '1-156-162-1693', 'Ap #177-280 Morbi Street', 4),
(194, 'Haley', 'Goff', '1-928-753-9961', '1829 Neque. Avenue', 3),
(195, 'Hilary', 'Walls', '1-756-941-0757', 'P.O. Box 443, 1232 Vehicula Street', 1),
(196, 'Jasmine', 'Clark', '1-871-167-6318', 'P.O. Box 422, 589 Diam. Street', 1),
(197, 'Kai', 'Owens', '1-132-573-1104', '838-7419 Vel, St.', 4),
(198, 'Leonard', 'Petty', '1-435-361-7853', '812-2781 Id, Avenue', 2),
(199, 'MacKensie', 'Valencia', '1-371-198-0159', 'Ap #710-3466 Donec Rd.', 4),
(200, 'Anjolie', 'Robles', '1-841-507-2321', 'Ap #267-5283 Et Rd.', 3),
(201, 'Galena', 'Sanford', '1-800-895-4081', 'P.O. Box 658, 1391 Erat. Av.', 1),
(202, 'Justin', 'Holman', '1-739-730-9963', 'Ap #954-8800 Cursus St.', 2),
(203, 'Kirestin', 'Horne', '1-483-529-6838', 'Ap #439-8822 Orci. Avenue', 2),
(204, 'Geoffrey', 'Reid', '1-120-169-1172', '490-2164 Lorem Street', 1),
(205, 'Remedios', 'Paul', '1-117-513-6153', 'Ap #983-6109 Mauris Av.', 3),
(206, 'Willow', 'Duran', '1-349-958-8264', '5042 Ligula. Road', 4),
(207, 'Sharon', 'Macdonald', '1-394-396-9813', 'P.O. Box 674, 4989 Elit, Ave', 3),
(208, 'Derek', 'Harrell', '1-745-944-5617', '2806 Montes, Avenue', 2),
(209, 'Charde', 'Freeman', '1-665-804-7537', 'P.O. Box 160, 4161 Mauris Road', 3),
(210, 'Lila', 'Drake', '1-497-811-1043', 'Ap #138-3552 Tempor, St.', 3),
(211, 'Lyle', 'Jefferson', '1-613-680-5725', '394-2049 In Rd.', 3),
(212, 'Zephr', 'Dunn', '1-374-108-4915', '9070 Semper Street', 1),
(213, 'Edan', 'English', '1-879-330-4422', 'Ap #771-3401 Nec, Rd.', 1),
(214, 'Heidi', 'Mills', '1-336-232-6703', '200-5377 Dignissim. Street', 1),
(215, 'Ayanna', 'Roach', '1-436-198-0746', 'Ap #577-9259 Bibendum. Ave', 3),
(216, 'Iliana', 'Wilkins', '1-816-886-1681', '1567 Ac Road', 2),
(217, 'Omar', 'Stanton', '1-271-339-6917', 'Ap #689-2857 A, Rd.', 2),
(218, 'Gary', 'Wong', '1-709-553-0092', 'P.O. Box 237, 3110 Nisl St.', 3),
(219, 'Germaine', 'Cash', '1-974-180-0497', 'P.O. Box 245, 8894 Eget St.', 4),
(220, 'Charissa', 'Sanchez', '1-817-560-2491', 'P.O. Box 247, 8435 A Ave', 2),
(221, 'Blake', 'Bowman', '1-557-427-9661', '467-4677 Justo St.', 2),
(222, 'Hamilton', 'Blanchard', '1-595-961-7263', '9570 Sem Av.', 3),
(223, 'Elmo', 'Sherman', '1-349-657-4624', 'Ap #858-5575 Non, Rd.', 3),
(224, 'Shellie', 'Parks', '1-393-388-6913', 'Ap #411-6508 Id, Avenue', 1),
(225, 'Karen', 'Knox', '1-492-623-7822', '7861 Egestas Avenue', 2),
(226, 'Barbara', 'Mccormick', '1-213-249-8289', '582-1919 Neque Rd.', 4),
(227, 'Cullen', 'Gonzales', '1-805-249-7728', '301-3074 Aliquam St.', 4),
(228, 'Emily', 'Mcdowell', '1-424-758-4980', '124-4320 Nibh St.', 2),
(229, 'Ingrid', 'Schwartz', '1-970-593-9208', 'Ap #320-2227 Ridiculus Rd.', 2),
(230, 'Alan', 'Hartman', '1-464-422-9127', 'Ap #132-2202 Duis Ave', 1),
(231, 'Dahlia', 'Brooks', '1-988-328-6917', 'P.O. Box 613, 4826 Faucibus Ave', 3),
(232, 'Callum', 'Mendez', '1-565-249-7476', '8857 Aenean Ave', 4),
(233, 'Cain', 'Smith', '1-950-503-3241', '5838 Urna, St.', 2),
(234, 'Timothy', 'Bowman', '1-112-824-4582', '6457 Erat Road', 4),
(235, 'Ferris', 'Holt', '1-354-594-7621', '3490 Commodo St.', 1),
(236, 'Darius', 'Thompson', '1-498-496-0061', 'Ap #717-7267 Pellentesque Rd.', 1),
(237, 'Kimberly', 'Weber', '1-887-939-8005', '4834 Malesuada St.', 1),
(238, 'Lysandra', 'Moon', '1-755-568-1941', 'P.O. Box 459, 3831 Vel Ave', 3),
(239, 'Coby', 'Sherman', '1-662-671-5447', '306-326 Morbi Av.', 3),
(240, 'Luke', 'Maddox', '1-641-598-3770', 'Ap #728-5803 Consequat Street', 1),
(241, 'Neil', 'Roach', '1-502-344-3268', '1653 Dictum. Avenue', 1),
(242, 'Rajah', 'Ferguson', '1-890-131-9225', 'Ap #906-5221 Egestas St.', 1),
(243, 'Keelie', 'Noel', '1-312-639-0804', 'Ap #487-1159 Dictum St.', 1),
(244, 'Mercedes', 'Barnett', '1-150-354-8190', 'P.O. Box 730, 8885 Semper, Avenue', 2),
(245, 'Rae', 'Logan', '1-544-496-2601', '8599 Amet, Rd.', 2),
(246, 'Ivy', 'Herman', '1-423-351-6070', 'P.O. Box 368, 4135 Condimentum. Rd.', 4),
(247, 'Brielle', 'Santana', '1-165-677-1069', '842-5737 Egestas Av.', 3),
(248, 'Slade', 'Marquez', '1-445-182-3042', 'Ap #825-8984 Diam. Avenue', 2),
(249, 'Walker', 'Parker', '1-463-775-5806', '895-8752 Purus Rd.', 4),
(250, 'Harriet', 'Randall', '1-716-160-2636', 'Ap #858-6185 Nibh Av.', 2),
(251, 'Merrill', 'Vargas', '1-560-287-0115', '276-3077 Aliquet St.', 1),
(252, 'Lee', 'Gonzales', '1-895-611-0735', '6911 Et Avenue', 3),
(253, 'Wylie', 'Morrow', '1-819-727-6327', 'Ap #837-5378 Faucibus Avenue', 3),
(254, 'Beau', 'Baker', '1-332-310-1286', '338 Ad Av.', 1),
(255, 'Lev', 'Alston', '1-454-168-6037', '3617 Elit, Rd.', 4),
(256, 'Medge', 'Burke', '1-365-796-6390', '2913 Ac, Rd.', 3),
(257, 'Adrienne', 'Webb', '1-272-292-9819', 'Ap #581-5274 Ullamcorper, Rd.', 3),
(258, 'Ocean', 'Gamble', '1-531-407-3780', 'Ap #874-3746 A, Av.', 1),
(259, 'Oren', 'Kelly', '1-720-393-8273', '738-4857 In, Rd.', 1),
(260, 'Genevieve', 'Tillman', '1-279-949-1140', '546-9196 Aliquam Street', 4),
(261, 'Alan', 'Kennedy', '1-218-246-3977', '971-8484 Et, St.', 1),
(262, 'Ingrid', 'Dunlap', '1-459-594-0792', '6906 Lobortis Rd.', 1),
(263, 'Casey', 'Houston', '1-490-451-2661', '3288 Duis Rd.', 2),
(264, 'Rogan', 'Stanton', '1-929-316-0175', '768-4643 In Street', 3),
(265, 'Fiona', 'Olsen', '1-797-150-1281', 'Ap #146-3978 Augue Street', 2),
(266, 'Latifah', 'Houston', '1-324-695-3861', 'P.O. Box 773, 9693 Convallis, St.', 2),
(267, 'Mallory', 'Bullock', '1-762-692-7078', '330 Duis St.', 1),
(268, 'Malik', 'Gross', '1-594-719-2464', '747-4016 Et Avenue', 3),
(269, 'Griffith', 'Gay', '1-504-162-7446', '4630 Non, Av.', 4),
(270, 'McKenzie', 'Hood', '1-884-906-9306', 'Ap #619-7701 Tempus Road', 3),
(271, 'Madonna', 'Whitley', '1-673-609-6156', 'Ap #461-4377 Mauris St.', 1),
(272, 'Yvonne', 'Holloway', '1-912-108-6986', 'Ap #275-9017 Imperdiet, Street', 1),
(273, 'Camilla', 'Frye', '1-998-153-6664', '9266 Odio. Road', 2),
(274, 'Griffith', 'Ruiz', '1-233-435-8888', 'Ap #607-8091 Egestas, Av.', 2),
(275, 'Tyler', 'Chaney', '1-336-614-3168', 'P.O. Box 730, 8038 Natoque Street', 1),
(276, 'Alexa', 'Fischer', '1-917-917-2401', '337-3911 Luctus Rd.', 1),
(277, 'Madison', 'Chang', '1-976-497-0132', '2021 Elementum Avenue', 1),
(278, 'Ulysses', 'Whitaker', '1-476-769-3224', 'P.O. Box 714, 5508 Interdum. St.', 2),
(279, 'Lacy', 'Brown', '1-739-838-4714', 'P.O. Box 260, 5055 Mauris Avenue', 2),
(280, 'Xantha', 'Tillman', '1-712-259-8613', '9206 Sociis St.', 2),
(281, 'Selma', 'Brock', '1-738-814-5203', '5270 Egestas Av.', 2),
(282, 'Barclay', 'Langley', '1-740-779-5276', '419-3409 Dignissim St.', 4),
(283, 'Alika', 'York', '1-814-256-8803', 'P.O. Box 864, 9333 Sed Street', 2),
(284, 'Vaughan', 'Newman', '1-433-156-6427', '612-4323 Non, Ave', 4),
(285, 'Kendall', 'Rhodes', '1-225-766-4056', '5817 In Street', 4),
(286, 'Abbot', 'Rosa', '1-457-177-7528', '389-5201 Lectus Rd.', 2),
(287, 'Ignatius', 'Hubbard', '1-862-161-8924', 'Ap #717-8232 Fusce Street', 1),
(288, 'Genevieve', 'Lowery', '1-265-928-1824', 'Ap #242-1371 Nunc St.', 3),
(289, 'Leo', 'Duncan', '1-553-193-5212', '528 Vulputate, Rd.', 1),
(290, 'Shelly', 'Barrett', '1-448-416-7100', '9725 Et Road', 1),
(291, 'Kenneth', 'Boone', '1-709-345-5225', '536-9686 Fringilla St.', 3),
(292, 'Cadman', 'Harmon', '1-173-128-9269', 'Ap #978-194 Enim Ave', 1),
(293, 'Dennis', 'Schultz', '1-922-619-6653', '1785 A Av.', 4),
(294, 'Tyler', 'Marquez', '1-901-355-2275', 'P.O. Box 827, 1106 Lorem Rd.', 1),
(295, 'Lael', 'Peters', '1-838-171-0216', 'Ap #732-312 In Av.', 1),
(296, 'Driscoll', 'Roy', '1-831-612-8457', 'Ap #628-7304 Congue. Street', 1),
(297, 'Glenna', 'Keith', '1-699-482-1585', 'Ap #580-8508 Nunc Avenue', 1),
(298, 'Berk', 'Moses', '1-232-766-6049', 'P.O. Box 609, 4504 Non, Avenue', 4),
(299, 'Aurora', 'Maynard', '1-553-966-5012', 'P.O. Box 182, 1305 Rhoncus. Street', 4),
(300, 'Allistair', 'Mercado', '1-702-375-7798', '8108 Ut Av.', 1),
(301, 'Mariam', 'Randolph', '1-507-544-5163', 'Ap #381-619 Elementum, St.', 1),
(302, 'Forrest', 'Yates', '1-472-766-4533', '327-3898 Ut Avenue', 4),
(303, 'Bruno', 'Ramirez', '1-559-738-3279', '8763 Non Avenue', 2),
(304, 'Ginger', 'Mathews', '1-795-501-3884', '148-6195 Vitae Rd.', 1),
(305, 'Wyoming', 'Rosales', '1-420-593-9781', 'Ap #712-2420 Donec Road', 4),
(306, 'Dieter', 'Hensley', '1-242-785-3957', 'Ap #555-8645 Tempus Avenue', 1),
(307, 'Odette', 'Ratliff', '1-123-455-6169', 'P.O. Box 640, 7506 Dapibus Ave', 2),
(308, 'Maia', 'Bridges', '1-373-234-0210', 'P.O. Box 466, 3600 Nec Street', 4),
(309, 'Melodie', 'Barnes', '1-551-690-1716', 'Ap #375-7401 Dolor. Road', 1),
(310, 'Ahmed', 'Gallegos', '1-608-457-3113', '5504 Accumsan Rd.', 1),
(311, 'Patience', 'Chambers', '1-429-742-9966', 'P.O. Box 251, 4521 Netus St.', 4),
(312, 'Brenden', 'Ochoa', '1-518-534-9187', 'P.O. Box 957, 5626 Sed Rd.', 4),
(313, 'Seth', 'Allen', '1-360-273-5834', 'P.O. Box 855, 214 Proin Road', 4),
(314, 'Gavin', 'Sheppard', '1-640-283-6123', 'Ap #233-4387 Sapien. Road', 4),
(315, 'Lucian', 'Kane', '1-564-722-4808', '194-4309 Egestas. Rd.', 4),
(316, 'Brandon', 'Figueroa', '1-946-641-8194', 'P.O. Box 868, 709 Nulla Rd.', 3),
(317, 'Hayes', 'Justice', '1-341-868-1296', '458-2199 Risus St.', 4),
(318, 'Omar', 'Brewer', '1-513-645-8684', 'P.O. Box 843, 5405 Libero. St.', 4),
(319, 'Alfonso', 'Delaney', '1-594-838-0004', 'P.O. Box 706, 1734 Mauris Avenue', 1),
(320, 'Emily', 'Freeman', '1-172-993-6387', '471-8041 Eu Avenue', 2),
(321, 'Mia', 'Meyers', '1-721-527-3010', 'P.O. Box 235, 9823 Et Street', 4),
(322, 'Derek', 'Kirk', '1-978-595-6979', 'P.O. Box 639, 5202 Id Ave', 1),
(323, 'Octavius', 'Compton', '1-386-915-9478', '524-3595 Placerat Rd.', 4),
(324, 'Brandon', 'Mccall', '1-704-348-3738', 'P.O. Box 390, 4865 Ligula. Street', 4),
(325, 'Demetrius', 'Wilcox', '1-512-946-7051', '3947 At, Ave', 2),
(326, 'Grady', 'Bentley', '1-945-698-2415', 'Ap #440-7609 Eget, St.', 4),
(327, 'Bethany', 'Estes', '1-911-849-9153', '137-7873 Eleifend St.', 3),
(328, 'Barclay', 'Thompson', '1-946-187-9407', 'P.O. Box 775, 4553 Mus. Av.', 4),
(329, 'Chantale', 'Weber', '1-569-449-5510', '182-6033 Arcu. Av.', 4),
(330, 'Amber', 'Turner', '1-814-236-3775', '2145 Nunc St.', 3),
(331, 'Dalton', 'Macdonald', '1-780-897-1449', '7214 Vulputate, Rd.', 3),
(332, 'Ivan', 'Estes', '1-670-959-2403', '9116 Orci, Rd.', 2),
(333, 'Lael', 'Chavez', '1-798-204-9305', '800-775 Lacinia Rd.', 4),
(334, 'Cherokee', 'Wright', '1-127-930-1246', 'P.O. Box 382, 4580 Gravida. Street', 4),
(335, 'Tallulah', 'Reilly', '1-526-691-6893', 'Ap #775-2939 At Avenue', 4),
(336, 'John', 'Romero', '1-438-311-9131', '558-362 Sed Rd.', 4),
(337, 'Neil', 'Maxwell', '1-963-134-0219', '489 Donec Rd.', 4),
(338, 'Sonia', 'Cherry', '1-514-172-6277', 'P.O. Box 793, 3332 Dolor Ave', 3),
(339, 'Libby', 'Dennis', '1-297-830-8046', 'P.O. Box 929, 7951 Integer St.', 4),
(340, 'Daniel', 'Booker', '1-865-497-4746', '765 Sodales. Av.', 4),
(341, 'Ursa', 'Webster', '1-855-590-3836', '434 Hendrerit Rd.', 2),
(342, 'Myra', 'Forbes', '1-589-858-0516', 'P.O. Box 764, 9671 Quisque Street', 1),
(343, 'Liberty', 'Cannon', '1-479-782-8142', '608-6573 Nisl Rd.', 3),
(344, 'Kylan', 'Dale', '1-838-679-2208', 'Ap #746-4342 Montes, St.', 3),
(345, 'Danielle', 'Norris', '1-489-467-6443', 'P.O. Box 134, 9016 Ut Rd.', 4),
(346, 'Marvin', 'Cross', '1-570-443-8243', 'Ap #440-6698 Lobortis Road', 1),
(347, 'Danielle', 'Kidd', '1-177-757-1491', 'P.O. Box 440, 7193 Nulla Rd.', 4),
(348, 'Hadassah', 'Gallagher', '1-161-528-1985', '4207 Mi Ave', 2),
(349, 'Sharon', 'Green', '1-890-628-4479', '2280 Erat Street', 4),
(350, 'Eric', 'Landry', '1-717-872-9058', '335-3581 Fermentum Road', 2),
(351, 'Quyn', 'Mullen', '1-892-587-2286', 'P.O. Box 707, 9885 Ultrices Rd.', 2),
(352, 'Eliana', 'Bowers', '1-177-166-8722', 'Ap #434-2575 Facilisis. St.', 1),
(353, 'Abraham', 'Kelley', '1-852-978-3776', '860-8727 Fusce Av.', 4),
(354, 'Kaitlin', 'Foley', '1-477-418-6381', 'P.O. Box 351, 8638 Nibh Ave', 4),
(355, 'Larissa', 'Erickson', '1-273-384-4311', 'Ap #524-6976 Cum Ave', 1),
(356, 'John', 'Morrow', '1-850-307-5284', 'Ap #785-3746 Nullam Av.', 2),
(357, 'Palmer', 'Chambers', '1-266-364-9226', 'P.O. Box 836, 1719 Donec Street', 4),
(358, 'Macon', 'Mercado', '1-122-248-9843', 'P.O. Box 486, 3952 Interdum. St.', 4),
(359, 'Irene', 'Houston', '1-989-267-1301', 'Ap #219-6428 Semper Ave', 1),
(360, 'Phillip', 'Foley', '1-406-976-9764', '9543 Et Rd.', 1),
(361, 'Katell', 'Kirby', '1-643-185-1272', '816 Amet Rd.', 2),
(362, 'Rylee', 'Tate', '1-891-189-5025', '9825 Mauris Rd.', 2),
(363, 'Keefe', 'Lynch', '1-556-296-3154', '282-290 Donec St.', 3),
(364, 'Giacomo', 'Marsh', '1-369-240-4125', '5950 Gravida. Street', 4),
(365, 'Felix', 'Maynard', '1-126-966-9724', '745-7667 Vel Rd.', 4),
(366, 'Ocean', 'Irwin', '1-400-412-3073', '156 Leo. St.', 4),
(367, 'Lavinia', 'Hooper', '1-881-187-8767', '1502 Mattis. St.', 4),
(368, 'Hiram', 'Stokes', '1-227-906-9847', '674-1481 Cubilia Street', 2),
(369, 'Baxter', 'Hoffman', '1-906-342-5065', 'P.O. Box 379, 1953 Nam Street', 4),
(370, 'Basil', 'Tanner', '1-676-981-3962', 'Ap #337-1403 Lorem, Ave', 3),
(371, 'Janna', 'Mathews', '1-785-286-0670', '4979 Quam. Rd.', 1),
(372, 'Vincent', 'Nunez', '1-275-492-8236', '5704 Vitae Road', 2),
(373, 'Kessie', 'Ellison', '1-279-585-0096', 'P.O. Box 193, 6318 Vulputate, Avenue', 3),
(374, 'Alexander', 'Reid', '1-282-889-8095', '729-3392 Nam Av.', 1),
(375, 'Rajah', 'Woodard', '1-574-242-4225', '452-7251 Non Av.', 1),
(376, 'Yoko', 'Hanson', '1-478-645-4717', '1675 Duis Rd.', 4),
(377, 'Uriah', 'Odonnell', '1-221-342-1282', 'Ap #604-3887 Interdum. Rd.', 2),
(378, 'Vladimir', 'Randolph', '1-914-927-2809', 'Ap #401-7572 Interdum. Street', 2),
(379, 'Lucas', 'Estrada', '1-299-664-5301', 'P.O. Box 949, 1078 Tincidunt Street', 2),
(380, 'Fay', 'Pacheco', '1-507-284-7458', 'P.O. Box 398, 163 Sit Avenue', 1),
(381, 'Nigel', 'Blake', '1-379-352-6001', 'Ap #300-6908 Aptent Street', 2),
(382, 'Selma', 'Herman', '1-939-313-3066', '6284 Neque Road', 1),
(383, 'Neil', 'Coffey', '1-736-653-2057', 'P.O. Box 155, 9040 Nisi. Rd.', 3),
(384, 'Warren', 'Kelly', '1-540-705-3496', 'P.O. Box 745, 9392 Scelerisque Street', 3),
(385, 'Pandora', 'Parrish', '1-195-167-0354', '804-5995 Primis Rd.', 2),
(386, 'Alexis', 'Pena', '1-523-144-7020', 'P.O. Box 258, 7123 Duis Rd.', 3),
(387, 'Athena', 'Mooney', '1-177-399-9906', 'Ap #664-8123 Vel Avenue', 2),
(388, 'Jared', 'Mcclain', '1-372-559-1422', '2544 Orci Ave', 1),
(389, 'Yuli', 'Bender', '1-583-923-1554', 'Ap #832-4759 Amet Av.', 4),
(390, 'Dahlia', 'Mccullough', '1-428-837-1042', '985-6577 At Rd.', 1),
(391, 'Rina', 'Lopez', '1-725-153-2581', 'P.O. Box 831, 9345 Ac Street', 4),
(392, 'Ila', 'Foreman', '1-296-275-2054', 'P.O. Box 803, 2684 Turpis Av.', 4),
(393, 'Plato', 'Pierce', '1-854-161-9571', 'P.O. Box 950, 950 Maecenas St.', 3),
(394, 'Hop', 'Garrison', '1-248-815-2689', '308 Sociis Street', 4),
(395, 'Abbot', 'Wall', '1-195-781-8623', 'Ap #557-2775 In, Av.', 1),
(396, 'Ignatius', 'Walter', '1-687-116-2286', 'P.O. Box 783, 4249 Nonummy. Rd.', 4),
(397, 'Prescott', 'Horn', '1-938-833-4260', 'Ap #179-7740 Ac Av.', 4),
(398, 'Richard', 'Rojas', '1-563-172-6634', '2801 Fusce Av.', 2),
(399, 'Patience', 'French', '1-145-969-5687', 'Ap #213-1095 Aliquam Av.', 2),
(400, 'Prescott', 'Bernard', '1-369-660-0251', '570-2526 Scelerisque Ave', 4),
(401, 'Cheyenne', 'Dejesus', '1-564-854-1949', 'P.O. Box 920, 5363 Justo. St.', 3),
(402, 'Hop', 'Collier', '1-203-743-5760', '2617 Mi Rd.', 3),
(403, 'Brandon', 'Pena', '1-852-238-1870', 'Ap #643-1751 Adipiscing St.', 3),
(404, 'Yvette', 'Romero', '1-975-272-4842', '667-9128 Vitae Street', 1),
(405, 'Piper', 'Workman', '1-273-341-0838', 'Ap #408-969 Aliquam Street', 4),
(406, 'Noah', 'Byrd', '1-707-480-9726', '8002 Et, Rd.', 3),
(407, 'Tanisha', 'Moses', '1-138-621-3326', 'P.O. Box 690, 5212 Massa. Av.', 4),
(408, 'Morgan', 'Roth', '1-493-914-6608', '4948 Eu, Road', 4),
(409, 'Mallory', 'Blake', '1-637-915-8769', '7350 Nascetur Street', 2),
(410, 'Chancellor', 'Rice', '1-174-278-7623', '5565 Donec St.', 2),
(411, 'Chaim', 'Dickerson', '1-549-572-7580', 'Ap #178-9908 Non St.', 3),
(412, 'Erasmus', 'Lane', '1-602-951-1486', 'Ap #582-919 Ut Rd.', 1),
(413, 'Idola', 'Cobb', '1-289-520-6020', 'P.O. Box 876, 1497 Suspendisse Av.', 4),
(414, 'Robin', 'Duffy', '1-331-928-0300', '417-4391 Erat Street', 2),
(415, 'Gil', 'Vega', '1-326-424-4341', '1143 Ornare Rd.', 4),
(416, 'Anjolie', 'Santiago', '1-621-762-6889', 'P.O. Box 282, 8362 Aenean St.', 1),
(417, 'Hayley', 'Mayer', '1-970-161-6726', '6313 Duis St.', 2),
(418, 'Dillon', 'Armstrong', '1-112-229-5254', 'P.O. Box 888, 4203 Euismod Avenue', 1),
(419, 'Lionel', 'Gallagher', '1-648-511-7254', '5248 Habitant Rd.', 3),
(420, 'Britanney', 'Henry', '1-252-873-5427', 'Ap #757-1498 Et Av.', 4),
(421, 'Abel', 'Hood', '1-575-398-1884', 'P.O. Box 107, 5932 Vitae Av.', 4),
(422, 'Tobias', 'Frank', '1-165-220-6992', 'Ap #116-4454 Orci Ave', 2),
(423, 'Dominic', 'Mcdowell', '1-246-686-3106', '264-2765 Donec Av.', 4),
(424, 'Gil', 'Blanchard', '1-535-847-5195', 'P.O. Box 729, 4060 Diam. Road', 2),
(425, 'Mason', 'Gibbs', '1-168-349-5076', '3729 Magnis Rd.', 2),
(426, 'Rogan', 'Mcpherson', '1-415-323-4242', 'P.O. Box 475, 8768 Nunc St.', 1),
(427, 'Dominique', 'York', '1-541-284-1261', '3556 Sociis Road', 4),
(428, 'Lawrence', 'Tyson', '1-201-309-2398', 'P.O. Box 108, 9587 Tellus St.', 1),
(429, 'Russell', 'Cruz', '1-819-746-7322', '272-3761 Aliquet. Rd.', 4),
(430, 'Taylor', 'James', '1-245-583-7261', 'P.O. Box 839, 7034 Sed Rd.', 1),
(431, 'Tamekah', 'Miles', '1-536-930-6314', '5536 Iaculis Avenue', 3),
(432, 'Brennan', 'Church', '1-255-909-3115', 'P.O. Box 455, 711 Eu St.', 1),
(433, 'Tyrone', 'Ramsey', '1-410-776-6934', 'Ap #154-6185 Ut, Ave', 3),
(434, 'Fleur', 'Carpenter', '1-898-932-0663', '474 Donec Rd.', 1),
(435, 'Kitra', 'Campos', '1-775-423-1738', 'Ap #756-2883 Eu Avenue', 3),
(436, 'Yetta', 'Schwartz', '1-310-510-5179', '481-6323 Ipsum Street', 1),
(437, 'Jessamine', 'Crosby', '1-367-360-3823', '477-7924 Cursus. St.', 4),
(438, 'Josiah', 'Hebert', '1-404-770-1706', '925-2413 Consectetuer Rd.', 3),
(439, 'Quinn', 'Odonnell', '1-754-527-2211', 'P.O. Box 468, 7427 Ullamcorper. Av.', 1),
(440, 'Rachel', 'Summers', '1-465-947-3459', '3508 Mollis. St.', 1),
(441, 'Lillith', 'Clayton', '1-639-626-4793', 'Ap #263-4076 Molestie. Road', 3),
(442, 'Avye', 'Chapman', '1-195-579-0928', '987-5882 Ultrices Av.', 3),
(443, 'Wylie', 'Kane', '1-299-906-3016', '9520 Neque. Avenue', 4),
(444, 'Adele', 'Livingston', '1-459-182-8036', 'P.O. Box 997, 9841 In Rd.', 4),
(445, 'Slade', 'Hewitt', '1-362-868-4764', 'P.O. Box 131, 5165 Massa. Road', 1),
(446, 'Shellie', 'Hinton', '1-186-816-3132', 'P.O. Box 122, 8934 In, Avenue', 1),
(447, 'Eagan', 'Mosley', '1-528-277-3629', '7824 Et Rd.', 4),
(448, 'Merrill', 'Trevino', '1-669-878-8684', 'P.O. Box 848, 876 Massa Av.', 2),
(449, 'Gary', 'Anthony', '1-117-125-9909', '287-9743 Metus. Avenue', 1),
(450, 'Rooney', 'Brennan', '1-142-618-7894', '4057 In Ave', 1),
(451, 'Carter', 'Sloan', '1-135-144-7001', 'Ap #255-3737 Pede Road', 3),
(452, 'Brielle', 'Hartman', '1-846-431-4733', '1103 Ridiculus Rd.', 4),
(453, 'Orson', 'Ortega', '1-982-713-2933', 'Ap #693-1074 Donec Rd.', 4),
(454, 'Willow', 'Beach', '1-259-830-9350', 'Ap #875-4534 Non Ave', 2),
(455, 'Raya', 'Delgado', '1-885-285-8703', '7211 Ante Road', 4),
(456, 'Drake', 'Livingston', '1-850-325-4068', 'P.O. Box 249, 5512 Auctor Av.', 4),
(457, 'Genevieve', 'Walls', '1-911-248-7514', 'Ap #125-9624 Libero Rd.', 2),
(458, 'Odysseus', 'Harvey', '1-167-774-7838', '346-4909 Egestas Avenue', 3),
(459, 'Urielle', 'Stafford', '1-732-909-4232', '9570 Donec St.', 4),
(460, 'Patience', 'Lester', '1-764-741-2774', 'P.O. Box 539, 3432 Lobortis Ave', 1),
(461, 'Raja', 'Chan', '1-978-402-8918', '440-7921 Consequat, Avenue', 4),
(462, 'Tanner', 'Spencer', '1-122-510-0247', '583-380 Sit Ave', 1),
(463, 'Pascale', 'Moore', '1-247-895-1114', 'Ap #722-6311 Primis Rd.', 3),
(464, 'Kylan', 'Harmon', '1-471-364-9727', 'P.O. Box 739, 6756 Nullam Rd.', 4),
(465, 'Garrett', 'Meadows', '1-394-316-5112', 'P.O. Box 558, 8025 Aenean St.', 1),
(466, 'Signe', 'Peterson', '1-963-160-7196', 'Ap #624-4348 Justo. Street', 3),
(467, 'Odysseus', 'Rollins', '1-864-873-0574', 'Ap #574-9739 Risus. Ave', 2),
(468, 'Ruth', 'Mcgowan', '1-230-377-4263', 'Ap #427-3123 Gravida Street', 4),
(469, 'Daphne', 'Wyatt', '1-983-616-9028', 'P.O. Box 621, 2104 Phasellus Av.', 2),
(470, 'Stuart', 'Stein', '1-204-631-6999', 'Ap #456-9492 Nec, St.', 3),
(471, 'Heidi', 'Huff', '1-972-728-0813', 'Ap #483-7890 Arcu. Avenue', 4),
(472, 'Jonas', 'Fitzpatrick', '1-221-619-9224', '3446 In Avenue', 2),
(473, 'Pascale', 'Le', '1-535-368-5006', 'Ap #140-2008 Cras Street', 2),
(474, 'Dalton', 'Ortega', '1-642-124-5850', '4049 Quis, Street', 3),
(475, 'Deborah', 'Faulkner', '1-587-931-7889', '642-3230 Nonummy Av.', 4),
(476, 'Scarlett', 'Clements', '1-647-395-4762', '266-452 Auctor Ave', 4),
(477, 'Philip', 'Wallace', '1-753-361-6884', '184-6793 Consequat Avenue', 1),
(478, 'Jillian', 'Haynes', '1-888-869-0022', '433-4337 Dolor. Rd.', 1),
(479, 'Jin', 'Marsh', '1-653-167-9294', '1774 Eget St.', 1),
(480, 'Norman', 'Greene', '1-214-414-5884', 'P.O. Box 824, 3262 Nulla St.', 2),
(481, 'Brenda', 'Leon', '1-540-990-7544', 'P.O. Box 137, 9876 At St.', 2),
(482, 'Ali', 'Munoz', '1-729-254-0051', '7359 Eu, Road', 1),
(483, 'Cedric', 'Morin', '1-296-691-8365', 'Ap #956-6100 Dui St.', 1),
(484, 'Yoko', 'Greene', '1-474-713-7449', '668-7421 Feugiat St.', 2),
(485, 'Jeremy', 'Landry', '1-920-120-5491', '420-6868 Accumsan St.', 3),
(486, 'Inga', 'Romero', '1-907-363-0626', '9407 Facilisis Av.', 4),
(487, 'Dominique', 'Calhoun', '1-657-316-6753', 'P.O. Box 595, 1545 Orci, Rd.', 4),
(488, 'Herrod', 'Floyd', '1-894-832-7502', 'Ap #777-5507 Libero Rd.', 3),
(489, 'Faith', 'Leblanc', '1-790-423-9256', 'P.O. Box 404, 4794 Sed Road', 3),
(490, 'Porter', 'Welch', '1-100-659-4112', '124-9483 Pede Avenue', 2),
(491, 'Arthur', 'Mejia', '1-729-657-6646', '3806 At St.', 1),
(492, 'Keane', 'Gibson', '1-279-423-9300', '4799 Elit, Rd.', 2),
(493, 'Shad', 'Clark', '1-867-149-6567', '799-4951 Ut, St.', 4),
(494, 'Alexis', 'Spencer', '1-798-891-1104', 'P.O. Box 546, 6208 Amet, Avenue', 3),
(495, 'Clementine', 'Landry', '1-406-219-9830', 'P.O. Box 755, 7062 Sollicitudin Rd.', 4),
(496, 'Conan', 'Lucas', '1-821-282-0168', '326-3619 Ut Road', 4),
(497, 'Glenna', 'Russell', '1-210-357-9921', 'P.O. Box 417, 7096 Augue St.', 2),
(498, 'Lester', 'Jones', '1-140-276-2121', 'P.O. Box 472, 2358 Non, Avenue', 3),
(499, 'Velma', 'Torres', '1-662-834-8790', 'P.O. Box 369, 8930 Laoreet, Road', 2),
(500, 'Harrison', 'Rasmussen', '1-379-638-7056', 'Ap #917-322 Libero. Rd.', 2),
(501, 'Lucian', 'Boyd', '1-406-897-1393', 'P.O. Box 998, 9662 Nunc. Rd.', 1),
(502, 'Channing', 'Cantrell', '1-571-939-9789', 'Ap #441-2212 Sed Rd.', 4),
(503, 'Reece', 'Moreno', '1-311-834-4890', 'P.O. Box 259, 1739 Sollicitudin Rd.', 2),
(504, 'Dustin', 'Lopez', '1-368-109-6962', 'Ap #880-3151 Pede Ave', 3),
(505, 'Macon', 'Alvarado', '1-878-182-0673', 'P.O. Box 573, 8712 Suspendisse Rd.', 1),
(506, 'Veronica', 'Knowles', '1-642-168-2420', 'P.O. Box 121, 2286 Nibh Avenue', 3),
(507, 'Zia', 'Edwards', '1-447-255-2416', '561-3332 Torquent Road', 3),
(508, 'Trevor', 'Albert', '1-984-924-7028', 'Ap #839-7016 Est, St.', 1),
(509, 'Lester', 'Gallagher', '1-489-891-7784', 'Ap #602-7012 Eget Avenue', 1),
(510, 'Vernon', 'Strickland', '1-414-463-3044', 'Ap #151-6456 Ac Avenue', 3),
(511, 'Xavier', 'Hoffman', '1-724-203-3224', 'Ap #457-1520 Mus. St.', 2),
(512, 'Kitra', 'Atkinson', '1-277-593-1412', 'Ap #962-9038 Phasellus Street', 1),
(513, 'Wanda', 'Goodman', '1-959-272-9538', 'P.O. Box 698, 9559 Nisi Avenue', 4),
(514, 'Fatima', 'Moody', '1-374-871-7898', '179-4079 Eu Rd.', 3),
(515, 'Aaron', 'Goff', '1-350-675-2624', 'P.O. Box 772, 7051 Etiam Ave', 4),
(516, 'Zelenia', 'Cain', '1-341-517-4057', 'P.O. Box 819, 4640 Eleifend, St.', 1),
(517, 'Ebony', 'Terry', '1-608-408-1012', 'P.O. Box 864, 5114 Gravida Rd.', 3),
(518, 'Noble', 'Hinton', '1-972-649-7905', '822-9501 Amet Street', 3),
(519, 'Aristotle', 'Meadows', '1-230-588-2737', '3377 Placerat Avenue', 2),
(520, 'Idola', 'West', '1-781-826-7694', '390-1881 Tristique Road', 3),
(521, 'Genevieve', 'Tucker', '1-111-157-3595', '4896 Sem Road', 4),
(522, 'Colorado', 'Potts', '1-699-495-6998', '4908 Egestas. Rd.', 1),
(523, 'Colin', 'Campos', '1-174-998-1322', 'P.O. Box 510, 7112 Metus St.', 4),
(524, 'Isadora', 'Frederick', '1-109-449-0015', 'P.O. Box 117, 9245 Ac Rd.', 2),
(525, 'Melyssa', 'Watson', '1-979-546-0513', '341-3579 Nascetur Street', 1),
(526, 'Hunter', 'Alford', '1-521-249-9328', 'P.O. Box 212, 6121 Nulla Ave', 4),
(527, 'Ryder', 'Sanders', '1-927-176-8603', '994-5566 Est. Avenue', 3),
(528, 'Ulla', 'Nguyen', '1-795-509-2517', 'P.O. Box 772, 8898 Commodo Av.', 1),
(529, 'Ivory', 'Vincent', '1-188-632-1311', '338-7743 Viverra. Rd.', 4),
(530, 'Lydia', 'Vaughn', '1-628-763-7168', '6124 Nisi Street', 4),
(531, 'Zoe', 'Raymond', '1-237-390-3195', '7165 Libero. Road', 1),
(532, 'Stacy', 'Maxwell', '1-535-535-4936', 'Ap #718-2522 Ac Ave', 3),
(533, 'Lillith', 'Morton', '1-813-978-7332', '785-3718 Ultrices, Street', 4),
(534, 'September', 'Walls', '1-144-727-2894', 'Ap #908-9899 Pharetra Av.', 3),
(535, 'Eric', 'Joyner', '1-417-416-0730', 'P.O. Box 924, 7948 Aliquam Ave', 3),
(536, 'Harper', 'Pennington', '1-103-368-2003', '740-4498 Consectetuer, Av.', 2),
(537, 'Imelda', 'Knox', '1-659-625-9233', 'P.O. Box 173, 2305 Enim Rd.', 2),
(538, 'Phillip', 'Weiss', '1-178-273-5985', 'Ap #127-3479 Lorem St.', 3),
(539, 'Darryl', 'Bonner', '1-906-174-3024', '445-2815 Tellus. Rd.', 1),
(540, 'Caleb', 'Rivers', '1-223-722-6797', 'Ap #674-4746 Fermentum Street', 1),
(541, 'Erica', 'Chase', '1-945-528-4734', 'Ap #352-7382 A Ave', 3),
(542, 'Rae', 'Hebert', '1-974-883-2043', 'Ap #315-387 Lectus, Av.', 3),
(543, 'Jesse', 'Davidson', '1-661-848-9086', 'P.O. Box 862, 123 Non St.', 4),
(544, 'Brielle', 'Marshall', '1-121-867-8829', 'P.O. Box 794, 7064 Mi Rd.', 3),
(545, 'Lucian', 'Mcclure', '1-128-252-5740', '913-6900 Vestibulum. Street', 3),
(546, 'Lillith', 'Ellis', '1-132-453-4242', 'Ap #253-6199 Est Rd.', 4),
(547, 'Akeem', 'Cohen', '1-885-987-1394', '8451 Natoque Avenue', 3),
(548, 'Shellie', 'Walls', '1-201-240-9867', '736-493 Sem St.', 1),
(549, 'Hedda', 'Rich', '1-791-558-4930', 'P.O. Box 395, 3969 Vitae Street', 1),
(550, 'Carissa', 'Martinez', '1-488-662-2578', 'P.O. Box 315, 1165 Donec Avenue', 3),
(551, 'Austin', 'Caldwell', '1-154-837-1927', 'Ap #960-4018 Ridiculus Rd.', 1),
(552, 'Ann', 'Hopper', '1-332-890-9788', 'Ap #723-4561 Vitae, St.', 4),
(553, 'Erich', 'Page', '1-335-736-7265', '275-8378 Netus Street', 3),
(554, 'Urielle', 'Chen', '1-413-682-6005', '3882 Eu, Street', 2),
(555, 'Rahim', 'Mccray', '1-346-500-5043', '248-8781 Duis Road', 4),
(556, 'Barrett', 'Burch', '1-826-895-8944', 'Ap #805-7121 Volutpat. Rd.', 3),
(557, 'Kai', 'Langley', '1-495-445-8665', '1110 Lacus. Ave', 4),
(558, 'Elton', 'Bass', '1-313-860-1502', '4593 Vestibulum Av.', 1),
(559, 'Britanney', 'Terry', '1-685-316-9905', '7119 Cras St.', 4),
(560, 'Hiram', 'Stewart', '1-552-278-9323', '155-8535 Nunc Avenue', 1),
(561, 'Hilda', 'Shannon', '1-802-877-5152', '3874 Tristique Avenue', 1),
(562, 'Akeem', 'Parks', '1-573-941-6724', 'P.O. Box 870, 5906 Fermentum Rd.', 1),
(563, 'Ramona', 'Britt', '1-779-362-2819', '5810 Sapien Street', 3),
(564, 'Sydnee', 'Johns', '1-993-309-7567', 'Ap #898-2270 Nunc Street', 2),
(565, 'Fatima', 'Houston', '1-220-297-7861', '845-5612 Ut Av.', 1),
(566, 'Veronica', 'Byrd', '1-381-616-5345', '107-2589 Risus. Rd.', 4),
(567, 'Baker', 'Rodriguez', '1-129-451-6151', 'Ap #814-9858 Suspendisse Street', 1),
(568, 'Brendan', 'Koch', '1-508-483-9448', 'P.O. Box 628, 5600 Nec Avenue', 1),
(569, 'Vincent', 'Soto', '1-177-411-8729', 'Ap #984-2589 Vulputate Rd.', 1),
(570, 'Joy', 'Horne', '1-847-141-7919', '8928 Nam St.', 1),
(571, 'Alika', 'Walker', '1-387-604-1119', 'Ap #980-9580 Eleifend Av.', 4),
(572, 'Deirdre', 'Waters', '1-560-596-3634', '508-9733 Integer Rd.', 3),
(573, 'Lila', 'Floyd', '1-837-913-6689', '9387 Et St.', 4),
(574, 'Jolene', 'Greer', '1-347-878-5728', '213-6096 Tincidunt. Ave', 2),
(575, 'Robert', 'Peck', '1-145-172-8112', 'Ap #346-3637 Libero St.', 1),
(576, 'Xavier', 'Wiggins', '1-695-948-8221', 'Ap #413-4393 Feugiat. Rd.', 2),
(577, 'Abel', 'Baxter', '1-828-130-5835', 'P.O. Box 903, 5747 Eget, Avenue', 3),
(578, 'Raja', 'Watson', '1-168-747-4427', '6440 Varius Street', 3),
(579, 'Brianna', 'Patton', '1-932-819-5539', '859-7488 Ultrices. St.', 1),
(580, 'Sara', 'Hall', '1-544-608-2575', 'P.O. Box 333, 1111 Nulla. Av.', 2),
(581, 'Thor', 'Fowler', '1-809-512-3906', 'P.O. Box 984, 5749 Orci Rd.', 3),
(582, 'Joy', 'Noble', '1-109-404-9199', '351 Cum St.', 4),
(583, 'Dante', 'Aguirre', '1-211-222-9838', 'P.O. Box 351, 9458 Eget St.', 4),
(584, 'Willa', 'Walker', '1-280-649-1987', '222-5191 Nunc. Avenue', 1),
(585, 'Cooper', 'Mckee', '1-506-948-6088', 'P.O. Box 276, 5348 Feugiat Ave', 2),
(586, 'Ian', 'Wagner', '1-280-549-6124', '1073 Posuere Street', 2),
(587, 'Trevor', 'Dejesus', '1-445-863-5779', '197-5249 Faucibus Rd.', 3),
(588, 'Maile', 'Murphy', '1-606-935-2643', 'P.O. Box 795, 6222 Cursus St.', 1),
(589, 'Lucas', 'Lamb', '1-298-317-0991', '591 Metus Av.', 4),
(590, 'Ciara', 'Finch', '1-995-377-5020', '166-2325 Et Rd.', 4),
(591, 'Plato', 'Rogers', '1-358-949-8684', '7881 Lorem, St.', 2),
(592, 'Calista', 'Mccullough', '1-750-532-6087', '7966 Dignissim St.', 1),
(593, 'Joel', 'Sheppard', '1-585-280-7754', '6468 Id, Road', 1),
(594, 'Casey', 'Rogers', '1-151-813-3472', 'Ap #499-333 Dolor. St.', 2),
(595, 'Laith', 'Mcclure', '1-976-604-2766', '3253 Sed Road', 2),
(596, 'Ivor', 'Brooks', '1-675-650-4661', '8315 Eu, Avenue', 1),
(597, 'Dolan', 'Carney', '1-283-731-0078', 'P.O. Box 501, 7438 Mauris Rd.', 4),
(598, 'Brennan', 'Whitney', '1-176-400-8990', 'P.O. Box 832, 2565 Euismod Av.', 2),
(599, 'Bernard', 'Nelson', '1-334-139-5384', 'P.O. Box 564, 8212 Rhoncus. Rd.', 4),
(600, 'Raphael', 'Langley', '1-411-395-8516', '3765 Aliquam St.', 2);

-- --------------------------------------------------------

--
-- Table structure for table `clinics`
--

CREATE TABLE `clinics` (
  `clinic_id` int(11) NOT NULL,
  `clinic_date` varchar(255) NOT NULL
) ENGINE=InnoDB DEFAULT CHARSET=latin1;

--
-- Dumping data for table `clinics`
--

INSERT INTO `clinics` (`clinic_id`, `clinic_date`) VALUES
(1, '29/02/2020'),
(2, '07/03/2020'),
(3, '14/03/2020'),
(4, '21/03/2020'),
(5, '28/03/2020'),
(6, '04/04/2020'),
(7, '11/04/2020'),
(8, '18/04/2020'),
(9, '25/04/2020'),
(10, '02/05/2020'),
(11, '04/14/2024'),
(12, '09/05/2020');

-- --------------------------------------------------------

--
-- Table structure for table `lawyers`
--

CREATE TABLE `lawyers` (
  `lawyer_id` int(11) NOT NULL,
  `lawyer_firstName` varchar(255) DEFAULT NULL,
  `lawyer_lastName` varchar(255) DEFAULT NULL,
  `lawyer_email` varchar(255) DEFAULT NULL,
  `lawyer_workphone` varchar(100) DEFAULT NULL,
  `lawyer_cellphone` varchar(100) DEFAULT NULL,
  `lawyer_address` varchar(255) DEFAULT NULL,
  `lawyer_firm` varchar(255) DEFAULT NULL,
  `lawyer_barNumber` varchar(255) DEFAULT NULL,
  `lawyer_specialty` mediumint(9) DEFAULT NULL,
  `lawyer_password` varchar(255) DEFAULT NULL
) ENGINE=InnoDB DEFAULT CHARSET=latin1;

--
-- Dumping data for table `lawyers`
--

INSERT INTO `lawyers` (`lawyer_id`, `lawyer_firstName`, `lawyer_lastName`, `lawyer_email`, `lawyer_workphone`, `lawyer_cellphone`, `lawyer_address`, `lawyer_firm`, `lawyer_barNumber`, `lawyer_specialty`, `lawyer_password`) VALUES
(0, 'admin', 'admin', 'admin@email.com', '123', '123', 'Admin Street', 'Admin', '0', 0, 'test123'),
(1, 'Alec', 'Mcpherson', 'gravida.Aliquam@vulputatedui.org', '1-514-701-5704', '1-750-129-7303', 'Ap #810-1020 Non, Ave', 'Eu Enim Foundation', '10530', 1, 'RHX40NSM0QT'),
(2, 'Pascale', 'York', 'venenatis@NuncmaurisMorbi.com', '1-469-127-0259', '1-553-104-0843', 'Ap #570-6906 Urna Rd.', 'Metus Incorporated', '11155', 3, 'LWC89FJS9EW'),
(3, 'Macaulay', 'Goodman', 'Sed.eu.eros@vestibulumMaurismagna.net', '1-403-130-8590', '1-724-774-5574', 'P.O. Box 781, 6993 Risus St.', 'At Corp.', '66849', 4, 'PHA04ROJ4UC'),
(4, 'Marvin', 'Welch', 'dis.parturient@Aeneanegestas.com', '1-780-876-2688', '1-413-290-5033', '244-8164 A, St.', 'Ac Nulla In Institute', '53039', 3, 'KNM94DMG0DZ'),
(5, 'Fatima', 'Bailey', 'nec.urna@sodalesatvelit.org', '1-413-218-0373', '1-821-323-5628', '5639 Nibh. St.', 'Aliquam Arcu Institute', '35627', 4, 'INB46COR1IY'),
(6, 'Jarrod', 'Drake', 'libero@magna.ca', '1-672-128-5942', '1-562-187-0690', 'Ap #541-8790 Nec Avenue', 'Ultrices Iaculis Incorporated', '01524', 3, 'WIB73PWM4LD'),
(7, 'Shafira', 'Arnold', 'ornare.tortor@a.com', '1-985-869-1121', '1-646-191-2698', '195-1878 Nisl. Road', 'Quis Diam Consulting', '79594', 4, 'QLG54GXI7BB'),
(8, 'Leo', 'Flores', 'purus@risus.co.uk', '1-616-728-5517', '1-329-550-2055', '582-8397 Donec Avenue', 'Nullam Enim Industries', '02366', 2, 'WNN73KAD6FD'),
(9, 'Holly', 'Franks', 'dapibus.rutrum.justo@mauriserateget.edu', '1-618-434-5413', '1-353-290-3471', 'Ap #313-9535 Tincidunt. Av.', 'Luctus Inc.', '36294', 2, 'YHF93KNQ6PO'),
(10, 'Wesley', 'Taylor', 'ultrices@risusquis.co.uk', '1-962-959-8157', '1-788-259-9460', 'P.O. Box 145, 3000 Elementum Ave', 'Quis Pede Associates', '97349', 2, 'MIW22ZIV0FL'),
(11, 'Hasad', 'Shepard', 'a.malesuada@mattis.com', '1-231-476-9068', '1-884-319-7985', '3608 Vestibulum Rd.', 'Etiam Vestibulum Massa LLC', '59249', 3, 'KZR75VHA7TC'),
(12, 'Iliana', 'Ayers', 'nunc.id@tinciduntorci.ca', '1-644-137-6158', '1-366-714-4467', 'P.O. Box 840, 7289 Cubilia Avenue', 'Diam Luctus Limited', '35446', 1, 'CCU15ZRL5SY'),
(13, 'Joy', 'Casey', 'pharetra.Nam.ac@Aeneanmassa.co.uk', '1-508-660-5084', '1-778-961-0470', '4769 Lacinia. Street', 'In Ornare Ltd', '32750', 1, 'WXC39TOG5PD'),
(14, 'Willow', 'Kim', 'eu.tempor.erat@atlacusQuisque.net', '1-469-544-1257', '1-661-977-2515', 'Ap #181-6980 Accumsan Av.', 'Venenatis Company', '71291', 3, 'SHO92GDT2TV'),
(15, 'Heather', 'Pugh', 'ultricies.ligula@montesnascetur.com', '1-957-296-4156', '1-315-242-7347', 'P.O. Box 753, 4701 Ante Road', 'Ultrices PC', '49371', 1, 'BPI91HOX8UY'),
(16, 'Lavinia', 'Swanson', 'varius.et.euismod@libero.co.uk', '1-288-275-8965', '1-517-698-7604', '590-2317 Ac, Ave', 'Nunc Id PC', '95230', 2, 'GJF46RQG9CB'),
(17, 'Elliott', 'Barnett', 'Nunc.pulvinar@lacuspede.org', '1-239-730-7942', '1-729-616-9850', '2752 Placerat Ave', 'Pellentesque Incorporated', '26494', 1, 'BIN99TSZ4JM'),
(18, 'Brent', 'Hobbs', 'fermentum.vel.mauris@nisi.org', '1-133-253-5761', '1-351-268-2048', '5409 Diam Ave', 'Interdum Sed Auctor LLP', '29370', 3, 'TQK35HHK6KW'),
(19, 'Aspen', 'Welch', 'ac@est.net', '1-231-682-8341', '1-457-459-0962', '696-6408 Ac Road', 'Quam Curabitur Vel Foundation', '39078', 2, 'UQK86WYD0VJ'),
(20, 'Leslie', 'Le', 'pretium.neque.Morbi@risusa.org', '1-527-971-3106', '1-902-363-5796', '970-1026 Pellentesque Ave', 'Tincidunt Nunc Company', '50982', 4, 'TFQ75YUS4GW'),
(21, 'Kelsey', 'Ayers', 'enim.Nunc.ut@Donec.org', '1-330-981-7251', '1-126-819-0750', 'P.O. Box 146, 8557 Sed Rd.', 'Placerat Corp.', '59538', 1, 'LER46KDA2RG'),
(22, 'Clarke', 'Mason', 'aliquet@Nam.net', '1-589-697-3493', '1-141-431-4276', '238-1984 In St.', 'Consectetuer Institute', '37146', 2, 'GTT61SDL6JQ'),
(23, 'Hedley', 'Weeks', 'commodo.hendrerit@vitae.net', '1-517-784-4761', '1-441-260-3048', 'P.O. Box 513, 3201 Sociis Rd.', 'Erat Volutpat Nulla PC', '97394', 1, 'PMM07PXU2YO'),
(24, 'Kitra', 'Morrow', 'nascetur.ridiculus@ultriciesornare.net', '1-465-730-3875', '1-540-122-6898', 'P.O. Box 306, 5165 Parturient Av.', 'Ut LLC', '58401', 4, 'VOA50YVU3SA'),
(25, 'Amelia', 'Day', 'eu@Inornaresagittis.org', '1-472-722-9351', '1-353-780-3371', '876-7093 Eu Av.', 'At Libero Industries', '93302', 4, 'ZHR15TUP7IX'),
(26, 'Tasha', 'Mcintosh', 'cursus.et@accumsanconvallisante.com', '1-274-441-3713', '1-853-492-3642', '6952 Nunc, Ave', 'Sed LLP', '24349', 1, 'TLR14DJI9FK'),
(27, 'Fitzgerald', 'Suarez', 'mus.Aenean@Suspendisseac.ca', '1-568-128-4685', '1-309-956-3984', '4888 Eu St.', 'Ipsum Nunc Inc.', '01291', 4, 'SBS28YCX4BJ'),
(28, 'Austin', 'Lloyd', 'tellus.Aenean@Nullam.org', '1-900-659-8286', '1-982-170-3130', '3917 Vulputate, St.', 'Malesuada Foundation', '87071', 2, 'DQZ97SCK8PK'),
(29, 'Walker', 'Marks', 'Proin.eget@utmiDuis.net', '1-760-890-6182', '1-945-819-5790', '7597 Interdum. Avenue', 'Fames Incorporated', '28398', 2, 'KUR80XDA1ZA'),
(30, 'Tana', 'Frye', 'Phasellus.dapibus@consequatpurusMaecenas.com', '1-569-159-8631', '1-710-948-4304', 'Ap #333-6648 Elit, Street', 'Hendrerit Ltd', '40767', 2, 'KGJ45ESU4YP'),
(31, 'Autumn', 'Dean', 'at@et.edu', '1-797-403-9320', '1-935-575-3152', 'P.O. Box 125, 4909 Risus. Rd.', 'Consectetuer Adipiscing Foundation', '18580', 4, 'FKC29EZV1YS'),
(32, 'Stewart', 'Bradley', 'non.sapien@ultriciessemmagna.edu', '1-921-105-2763', '1-179-823-6301', 'Ap #530-133 Pellentesque. Street', 'Consequat Nec LLP', '93561', 4, 'GIA43OBM8CX'),
(33, 'Uriel', 'Pena', 'ornare.libero@Nulla.edu', '1-687-369-7841', '1-992-242-4493', '254-2802 Diam Road', 'Non Company', '02778', 3, 'CEX83AGM4SP'),
(34, 'Uriel', 'Flowers', 'mauris.sagittis@augue.edu', '1-558-388-0857', '1-688-894-9691', '3813 Nullam St.', 'Nullam Ut Nisi Industries', '57288', 1, 'LFA88UPP7CC'),
(35, 'Vivian', 'Clayton', 'erat.in@leoMorbi.edu', '1-225-393-3596', '1-744-503-6234', 'Ap #394-6492 Quisque Av.', 'Dui Quis LLC', '67220', 1, 'JQE14JVQ1HT'),
(36, 'Hilel', 'Mejia', 'libero.at@Nullafacilisi.edu', '1-807-938-6501', '1-961-273-4322', 'P.O. Box 592, 3483 Quisque Rd.', 'Metus Sit Foundation', '30079', 2, 'EHC54HFW6QJ'),
(37, 'Kelly', 'Holman', 'id.risus@afeugiattellus.ca', '1-430-966-0171', '1-815-626-0198', '1047 Enim Rd.', 'Ut Tincidunt Orci Corp.', '41691', 2, 'BTR06GUU8QL'),
(38, 'Kieran', 'Meyer', 'mauris.erat@gravidaPraesenteu.com', '1-155-557-3053', '1-691-766-6912', '368-5113 Nisi Rd.', 'Ultrices Vivamus Ltd', '53038', 2, 'SGS25ZSY2RI'),
(39, 'Freya', 'Stein', 'vel.vulputate@facilisis.com', '1-366-334-1402', '1-996-251-6101', 'P.O. Box 345, 5394 Imperdiet Rd.', 'Lacus Nulla Company', '29766', 3, 'WHP28OYZ6TZ'),
(40, 'Levi', 'Burt', 'tristique.ac.eleifend@Morbiaccumsan.com', '1-188-152-0737', '1-167-514-1906', '451-4549 Ac, Road', 'Erat Eget LLP', '17450', 2, 'ZJO07HIU0WO'),
(41, 'Nasim', 'Guerra', 'in.lobortis@ligulaeuenim.com', '1-671-486-6245', '1-157-165-8744', 'Ap #107-6319 Nibh. Avenue', 'Ipsum LLC', '18561', 4, 'VSV33GQO6KY'),
(42, 'Thomas', 'Wilkinson', 'pede.nec@dolor.com', '1-156-124-0142', '1-437-817-1370', 'Ap #940-3645 Fusce Av.', 'Curabitur Egestas Nunc Institute', '52887', 3, 'EFA26FXK2KT'),
(43, 'Rachel', 'Chen', 'turpis.vitae.purus@augueutlacus.edu', '1-246-595-5696', '1-954-252-8588', 'Ap #803-8925 Mauris, Rd.', 'Scelerisque Neque Inc.', '05707', 1, 'FIR25LIO9VB'),
(44, 'Charde', 'Williams', 'lectus.sit@Sed.org', '1-700-336-7251', '1-101-872-5783', '661-5748 Proin Rd.', 'Duis Ac Arcu Limited', '28786', 3, 'SUP69HJH4UJ'),
(45, 'Signe', 'Morales', 'Aliquam@tinciduntnibhPhasellus.net', '1-135-448-2581', '1-459-758-3027', '6230 Risus Rd.', 'Elit Etiam Laoreet Corporation', '64750', 4, 'SJX57IZU6AC'),
(46, 'Hedwig', 'Lindsey', 'vestibulum.lorem.sit@egestasSedpharetra.com', '1-815-770-3757', '1-428-133-0292', '362-4687 Nisl St.', 'Pede Praesent PC', '14098', 3, 'OVB98TBE3XC'),
(47, 'Uriel', 'Bryan', 'nec.ligula.consectetuer@tristiquepellentesque.org', '1-441-761-9593', '1-966-227-1363', 'Ap #141-2748 Ornare Rd.', 'Et Euismod Industries', '05208', 2, 'LTW37KWY5JE'),
(48, 'Ira', 'Washington', 'dui.semper.et@interdumNunc.org', '1-463-844-5614', '1-524-760-1647', 'Ap #398-8965 Ipsum Av.', 'Mauris Vestibulum Neque Corp.', '13074', 4, 'SLH83BBS3ER'),
(49, 'Damian', 'Fleming', 'Etiam.bibendum.fermentum@lectusjustoeu.co.uk', '1-332-630-7969', '1-132-345-8939', '919-3440 Arcu. Street', 'Eu Ultrices Sit Corp.', '03949', 3, 'ESM99XDI9FC'),
(50, 'Lavinia', 'Stanton', 'amet.orci.Ut@sapien.com', '1-539-613-1307', '1-626-613-8603', '413-1917 Pretium Avenue', 'Enim PC', '93689', 3, 'HVT42EYL5ED'),
(51, 'Noel', 'Gilbert', 'sit.amet.risus@tincidunt.co.uk', '1-510-155-5257', '1-405-547-2929', 'Ap #442-9740 Id St.', 'Pede Cras Vulputate LLC', '49248', 1, 'IUR13OJP3QG'),
(52, 'Zachery', 'Velez', 'Maecenas.mi.felis@ullamcorperDuiscursus.com', '1-309-115-2121', '1-275-723-1738', 'P.O. Box 974, 8321 Sed St.', 'Et Rutrum Non Consulting', '74730', 1, 'LEA11EVW9NM'),
(53, 'Jade', 'Nelson', 'ipsum@Curabitur.edu', '1-955-108-8474', '1-399-152-6514', '116-9493 Consectetuer Road', 'Cursus Integer Mollis Ltd', '97639', 4, 'TSQ36KIS5KJ'),
(54, 'Joan', 'Rivas', 'Nullam.nisl@maurisut.co.uk', '1-819-871-6265', '1-511-867-9026', 'Ap #907-2210 Nec Rd.', 'Sodales LLP', '92603', 4, 'ZKQ16GBV3UV'),
(55, 'April', 'Lowe', 'dui.Fusce@mollisvitaeposuere.ca', '1-597-107-5452', '1-303-614-9421', '218-9593 Proin Ave', 'Nostra Per Inceptos LLC', '24508', 2, 'UIE11WVD0JC'),
(56, 'Harding', 'Wagner', 'auctor.odio.a@scelerisque.edu', '1-937-983-6976', '1-389-451-4600', '397-2784 Ornare, Street', 'Suscipit LLC', '12058', 3, 'MFB91FVW1WX'),
(57, 'Zoe', 'Torres', 'lorem.Donec@sitamet.edu', '1-407-115-0005', '1-558-488-3963', '5244 Egestas Street', 'Fusce Feugiat Lorem LLC', '59654', 2, 'PNP37ZEM5TF'),
(58, 'Finn', 'Tillman', 'faucibus@tinciduntnibhPhasellus.ca', '1-667-773-8760', '1-884-411-4659', '6878 Vestibulum. Rd.', 'Sem Elit Pharetra Industries', '95147', 2, 'PFM48ZDA9BC'),
(59, 'Carla', 'Bryan', 'magna@blanditmattisCras.com', '1-489-367-6035', '1-993-477-7026', 'P.O. Box 234, 7933 Ac, St.', 'Nunc Inc.', '44806', 2, 'SLA24LSF0TK'),
(60, 'Emily', 'Quinn', 'adipiscing@natoque.org', '1-298-206-3458', '1-276-224-5840', '501-8106 Vitae Ave', 'Aliquet Nec Imperdiet Ltd', '81753', 3, 'MEA07LEV1HS'),
(61, 'Noelani', 'Mcdaniel', 'interdum.ligula.eu@orci.org', '1-450-820-5112', '1-440-151-2269', 'P.O. Box 409, 3088 Semper Avenue', 'Urna Corporation', '69076', 2, 'YYV87JOB5BY'),
(62, 'Joshua', 'Bray', 'eget@lectusquis.com', '1-272-237-8750', '1-686-797-6731', '2482 Nec, St.', 'Lorem Donec Foundation', '26253', 3, 'BGX11CUY7JN'),
(63, 'Brenda', 'Skinner', 'dolor.elit@imperdieterat.net', '1-450-125-3886', '1-535-127-0105', 'P.O. Box 850, 553 Etiam Avenue', 'Nec Ante Inc.', '30839', 3, 'AWL89MOH6EE'),
(64, 'Yael', 'Cooke', 'eu.euismod.ac@acmattissemper.ca', '1-409-955-3515', '1-705-317-6965', '7252 Non St.', 'Tristique Senectus Corp.', '74221', 3, 'VUO79LAU9KM'),
(65, 'Oliver', 'Pitts', 'ultricies@tellusloremeu.edu', '1-821-922-9454', '1-166-757-0918', 'P.O. Box 743, 3118 Molestie Road', 'In Ltd', '62607', 1, 'KDG46JFK0SD'),
(66, 'Martin', 'Chambers', 'risus.Donec.egestas@placeratCrasdictum.org', '1-744-967-0672', '1-648-500-1226', 'Ap #321-6032 Sagittis. Ave', 'Molestie Incorporated', '07018', 4, 'UFU52JZR4EC'),
(67, 'Randall', 'Weiss', 'cubilia@a.co.uk', '1-670-230-6908', '1-731-658-6718', '272-8968 Pede. Street', 'Dignissim Limited', '21958', 2, 'GQX98TCZ5WF'),
(68, 'Jana', 'Howard', 'ipsum@Inat.net', '1-933-990-1339', '1-764-123-0135', '1284 Scelerisque Rd.', 'Posuere PC', '16645', 2, 'INP75SYP4LC'),
(69, 'Emerson', 'Lee', 'nec@pharetranibhAliquam.edu', '1-647-401-4790', '1-792-862-1473', '152-3517 In Rd.', 'Aliquam Foundation', '51174', 3, 'SQI12UMH0LQ'),
(70, 'Keith', 'Dyer', 'risus.a.ultricies@commodohendrerit.org', '1-293-439-4354', '1-785-549-8639', 'P.O. Box 664, 8679 Felis Street', 'Nec Euismod In Corp.', '47300', 2, 'YMX26AQT0YL'),
(71, 'Faith', 'Guzman', 'pede.Cras.vulputate@lobortistellusjusto.co.uk', '1-379-704-6462', '1-437-941-3019', 'P.O. Box 873, 6218 Ac Rd.', 'Scelerisque Ltd', '06703', 4, 'RPE61UMX1KD'),
(72, 'Jared', 'Hale', 'sem@malesuada.edu', '1-330-562-0915', '1-116-237-9857', 'P.O. Box 706, 2309 Pharetra, Rd.', 'Morbi Ltd', '67085', 2, 'DOI73ZLE8HC'),
(73, 'Geraldine', 'Hoover', 'natoque.penatibus.et@erateget.ca', '1-510-972-7458', '1-126-860-7520', 'P.O. Box 934, 3858 Ipsum St.', 'Nec Ltd', '95233', 2, 'MYC42FYV0OE'),
(74, 'Abraham', 'Casey', 'vestibulum@atiaculis.edu', '1-377-242-9807', '1-798-522-4200', 'P.O. Box 372, 169 Proin St.', 'Enim Sed Nulla LLP', '43142', 3, 'DTP17BLB3NF'),
(75, 'Lyle', 'Stevens', 'pellentesque.tellus.sem@acliberonec.ca', '1-581-262-9478', '1-703-199-6993', '4260 Orci St.', 'Convallis Incorporated', '84087', 4, 'KDQ43FQK0KZ'),
(76, 'Aphrodite', 'Alvarez', 'sociis.natoque@In.net', '1-267-917-7528', '1-326-433-1302', 'P.O. Box 349, 1414 Fusce Ave', 'Et Magnis Institute', '41234', 2, 'SUB99RNA4AH'),
(77, 'Channing', 'Rowland', 'est.congue@sit.net', '1-410-992-1258', '1-413-899-4605', 'P.O. Box 752, 5510 Placerat Street', 'Elit LLC', '84638', 1, 'EVD55ZJF8VH'),
(78, 'Wynter', 'Gilliam', 'Lorem.ipsum.dolor@pedenec.ca', '1-250-703-8489', '1-495-411-9616', 'Ap #680-6166 Sem, Av.', 'Porttitor Vulputate Posuere Institute', '27367', 2, 'WUF47PFZ7HM'),
(79, 'Felicia', 'Daniels', 'egestas.hendrerit@eu.net', '1-948-805-2319', '1-856-921-7282', '433-4859 Eget Rd.', 'Interdum PC', '79303', 2, 'YTH72HXE3WJ'),
(80, 'Keegan', 'Dickson', 'Donec.non.justo@Duisac.ca', '1-518-804-8186', '1-784-364-2243', '268-5011 At Rd.', 'Sit Amet LLP', '89460', 4, 'DZQ38UAO8MF'),
(81, 'Shellie', 'Young', 'aliquam.arcu.Aliquam@Phasellusliberomauris.com', '1-328-340-7609', '1-752-608-1248', '242-4099 Et Street', 'Varius Corporation', '19269', 4, 'NOQ13QFF0AE'),
(82, 'Ferdinand', 'Holcomb', 'cursus@Morbivehicula.net', '1-254-620-8655', '1-810-624-0699', 'Ap #346-8264 Vitae, St.', 'Orci Luctus Institute', '19217', 4, 'LPK10MEA5BG'),
(83, 'Giacomo', 'Kelley', 'sit.amet.luctus@massaInteger.net', '1-300-856-3301', '1-743-969-5477', 'Ap #305-3340 Pellentesque Street', 'Cubilia Curae; Ltd', '06985', 3, 'ZXJ48YYG0MT'),
(84, 'Keiko', 'Walter', 'at.risus@lobortisultrices.org', '1-911-381-2325', '1-729-825-0965', 'Ap #700-4629 In St.', 'At Ltd', '33827', 1, 'EUI13CTX4SF'),
(85, 'Charles', 'Hansen', 'tellus@lorem.com', '1-262-601-6049', '1-949-105-3270', 'Ap #573-9983 Enim St.', 'Suspendisse Ltd', '41364', 2, 'GBT30ULB4IG'),
(86, 'Gillian', 'Oneill', 'erat.Vivamus.nisi@elitelit.net', '1-371-520-7430', '1-292-973-7498', 'P.O. Box 777, 4460 Nascetur Avenue', 'A Ltd', '93125', 4, 'YPW89QVW4BP'),
(87, 'Maxwell', 'Vincent', 'turpis.Nulla.aliquet@eusem.ca', '1-919-665-1593', '1-227-144-9266', '9154 Posuere Av.', 'Sit Amet Limited', '45260', 2, 'FKD17FGJ5PR'),
(88, 'Gillian', 'Farley', 'augue.eu.tempor@mauris.net', '1-117-698-2384', '1-943-190-7884', '4871 Aliquet Road', 'Dolor Fusce Feugiat Corporation', '39394', 3, 'CSD95BKE1VF'),
(89, 'Kuame', 'Mcgee', 'ullamcorper@tinciduntneque.org', '1-665-726-2470', '1-376-585-9531', 'Ap #770-3930 Aliquet Ave', 'Nunc Pulvinar Arcu Industries', '64409', 3, 'FLW51MYL8EC'),
(90, 'Ingrid', 'Sosa', 'ultrices@auctorullamcorper.co.uk', '1-986-945-1356', '1-899-414-5405', 'Ap #421-2889 Lacinia Road', 'Arcu Sed Eu Corporation', '62410', 4, 'SLB49DUE4YI'),
(91, 'Ursa', 'Murphy', 'at.auctor.ullamcorper@odioNam.edu', '1-203-509-7158', '1-850-540-7961', '9857 Justo Road', 'Semper Auctor Mauris Foundation', '10871', 3, 'FKO91LBX6FC'),
(92, 'Quincy', 'Anderson', 'neque.non@Etiambibendumfermentum.edu', '1-695-199-3491', '1-638-514-2294', '3909 Ante Av.', 'Sit Institute', '46962', 2, 'TBX14DSE3BF'),
(93, 'Akeem', 'Walls', 'mauris.id@arcuVestibulum.net', '1-173-528-2353', '1-195-283-8217', '528-9743 Aliquam St.', 'In Faucibus Industries', '79670', 2, 'SVJ39NTW4HC'),
(94, 'Elton', 'Joyner', 'tellus.Aenean@placeratCras.edu', '1-396-575-3297', '1-298-174-9464', '8899 Ac St.', 'Vestibulum Ante LLC', '31679', 2, 'LXV16MFD8AY'),
(95, 'Darius', 'Hammond', 'consequat@eu.com', '1-496-877-1689', '1-307-564-7170', '4521 Nunc Street', 'Urna Suscipit Incorporated', '99544', 4, 'MTV94OKN7UG'),
(96, 'Xantha', 'Langley', 'ullamcorper@Donecvitae.edu', '1-949-298-8399', '1-358-927-5685', 'P.O. Box 659, 7485 Sit Road', 'Libero PC', '29235', 4, 'SGI25ZYY0KJ'),
(97, 'Shafira', 'Mclaughlin', 'sit@lectus.com', '1-585-276-2126', '1-667-220-6031', 'P.O. Box 355, 6720 Est Rd.', 'Lectus Cum Sociis PC', '41339', 3, 'CCV78UZD3BY'),
(98, 'Isabella', 'Parsons', 'eget.varius@non.ca', '1-152-846-7492', '1-646-792-8875', '5618 Duis St.', 'Cursus Nunc Institute', '00217', 4, 'DKV13NAF3CV'),
(99, 'Ethan', 'Moss', 'amet.diam@cursuset.co.uk', '1-755-471-5714', '1-834-347-2699', 'P.O. Box 104, 6984 Nunc Ave', 'Luctus Aliquet Odio Industries', '35022', 4, 'WOK77SFR9RF'),
(100, 'Mohammad', 'Roberson', 'Phasellus.vitae.mauris@cursus.edu', '1-182-427-9875', '1-837-424-4723', 'P.O. Box 837, 7160 Nulla Avenue', 'Orci Tincidunt Institute', '90758', 4, 'ZNK91PYN9ZH'),
(101, 'Test', 'Tester', 'test@test.com', '12451246561', '12456157851', '123 Test Street', 'The Test Firm', '000111', 2, 'test123');

--
-- Indexes for dumped tables
--

--
-- Indexes for table `clientassignment`
--
ALTER TABLE `clientassignment`
  ADD PRIMARY KEY (`clientAssignment_id`),
  ADD UNIQUE KEY `client_id` (`client_id`) USING BTREE,
  ADD KEY `clinic_id` (`clinic_id`),
  ADD KEY `lawyer_id` (`lawyer_id`) USING BTREE;

--
-- Indexes for table `clients`
--
ALTER TABLE `clients`
  ADD PRIMARY KEY (`client_id`);

--
-- Indexes for table `clinics`
--
ALTER TABLE `clinics`
  ADD PRIMARY KEY (`clinic_id`);

--
-- Indexes for table `lawyers`
--
ALTER TABLE `lawyers`
  ADD PRIMARY KEY (`lawyer_id`);

--
-- AUTO_INCREMENT for dumped tables
--

--
-- AUTO_INCREMENT for table `clientassignment`
--
ALTER TABLE `clientassignment`
  MODIFY `clientAssignment_id` int(11) NOT NULL AUTO_INCREMENT, AUTO_INCREMENT=58394;

--
-- AUTO_INCREMENT for table `clinics`
--
ALTER TABLE `clinics`
  MODIFY `clinic_id` int(11) NOT NULL AUTO_INCREMENT, AUTO_INCREMENT=13;

--
-- AUTO_INCREMENT for table `lawyers`
--
ALTER TABLE `lawyers`
  MODIFY `lawyer_id` int(11) NOT NULL AUTO_INCREMENT, AUTO_INCREMENT=102;

--
-- Constraints for dumped tables
--

--
-- Constraints for table `clientassignment`
--
ALTER TABLE `clientassignment`
  ADD CONSTRAINT `clienassignment_ibfk_2` FOREIGN KEY (`clinic_id`) REFERENCES `clinics` (`clinic_id`),
  ADD CONSTRAINT `clientassignment_ibfk_1` FOREIGN KEY (`client_id`) REFERENCES `clients` (`client_id`),
  ADD CONSTRAINT `clientassignment_ibfk_3` FOREIGN KEY (`lawyer_id`) REFERENCES `lawyers` (`lawyer_id`);
COMMIT;

/*!40101 SET CHARACTER_SET_CLIENT=@OLD_CHARACTER_SET_CLIENT */;
/*!40101 SET CHARACTER_SET_RESULTS=@OLD_CHARACTER_SET_RESULTS */;
/*!40101 SET COLLATION_CONNECTION=@OLD_COLLATION_CONNECTION */;
